product_id,product_name,brand,model_series,ram_capacity,rom_capacity,original_price,sale_price,stock_status,product_status,source_site,crawl_date
PROD_TGD_100001,Dien thoai Vivo Y100 4GB/256GB - Moi 100%,Vivo,Y100,4GB,256GB,37290000.0,36290000.0,Het hang,Moi 100%,TGDD,2026-06-11
PROD_CEL_100002,Dien thoai Realme Realme Note 50 8GB/128GB - Moi 100%,Realme,Realme Note 50,8GB,128GB,30390000.0,30390000.0,Con hang,Moi 100%,CellphoneS,2026-06-11
PROD_CEL_100003,Dien thoai Xiaomi Poco X6 Pro 8GB/128GB - Moi 100%,Xiaomi,Poco X6 Pro,8GB,128GB,38040000.0,38040000.0,Het hang,Moi 100%,CellphoneS,2026-06-11
PROD_CEL_100004,Dien thoai Xiaomi Redmi Note 13 4GB/1TB - Moi 100%,Xiaomi,Redmi Note 13,4GB,1TB,39990000.0,39490000.0,Con hang,Moi 100%,CellphoneS,2026-06-11
PROD_TGD_100005,Dien thoai Realme Realme C65 8GB/512GB - Moi 100%,Realme,Realme C65,8GB,512GB,34760000.0,34260000.0,Con hang,Moi 100%,TGDD,2026-06-11
PROD_TGD_100006,Dien thoai Realme Realme C65 4GB/512GB - Moi 100%,Realme,Realme C65,4GB,512GB,43760000.0,42760000.0,Con hang,Moi 100%,TGDD,2026-06-11
PROD_TGD_100007,Dien thoai Realme Realme Note 50 12GB/1TB - Hang trung bay,Realme,Realme Note 50,12GB,1TB,32290000.0,31790000.0,Con hang,Hang trung bay,TGDD,2026-06-11
PROD_CEL_100008,Dien thoai Realme Realme 12 Rest 16GB/256GB - Moi 100%,Realme,Realme 12 Rest,16GB,256GB,41730000.0,41730000.0,Con hang,Moi 100%,CellphoneS,2026-06-11
PROD_TGD_100009,Dien thoai Oppo Find N3 Flip 6GB/256GB - Moi 100%,Oppo,Find N3 Flip,6GB,256GB,32840000.0,30840000.0,Con hang,Moi 100%,TGDD,2026-06-11
PROD_TGD_100010,Dien thoai Xiaomi Xiaomi 14 12GB/64GB - Moi 100%,Xiaomi,Xiaomi 14,12GB,64GB,39720000.0,39720000.0,Con hang,Moi 100%,TGDD,2026-06-11
PROD_TGD_100011,Dien thoai Oppo Find N3 Flip 4GB/128GB - Moi 100%,Oppo,Find N3 Flip,4GB,128GB,43330000.0,42830000.0,Con hang,Moi 100%,TGDD,2026-06-11
PROD_TGD_100012,Dien thoai Samsung Galaxy A55 4GB/1TB - Moi 100%,Samsung,Galaxy A55,4GB,1TB,34190000.0,33190000.0,Con hang,Moi 100%,TGDD,2026-06-11
PROD_TGD_100013,Dien thoai Oppo A78 12GB/128GB - Moi 100%,Oppo,A78,12GB,128GB,40820000.0,38820000.0,Het hang,Moi 100%,TGDD,2026-06-11
PROD_CEL_100014,Dien thoai Vivo X100 Pro 6GB/256GB - Moi 100%,Vivo,X100 Pro,6GB,256GB,30030000.0,29030000.0,Con hang,Moi 100%,CellphoneS,2026-06-11
PROD_TGD_100015,Dien thoai Xiaomi Xiaomi 14 6GB/128GB - Moi 100%,xiaomi,Xiaomi 14,6GB,128GB,39920000.0,37920000.0,Con hang,Moi 100%,TGDD,2026-06-11
PROD_TGD_100016,Dien thoai Xiaomi Xiaomi 14 12GB/64GB - Moi 100%,Xiaomi,Xiaomi 14,12GB,64GB,34520000.0,32520000.0,Con hang,Moi 100%,TGDD,2026-06-11
PROD_CEL_100017,Dien thoai Realme Realme C65 6GB/512GB - Moi 100%,Realme,Realme C65,6GB,512GB,33280000.0,31280000.0,Con hang,Moi 100%,CellphoneS,2026-06-11
PROD_TGD_100018,Dien thoai Xiaomi Xiaomi 14 12GB/512GB - Moi 100%,Xiaomi,Xiaomi 14,12GB,512GB,35310000.0,33310000.0,Het hang,Moi 100%,TGDD,2026-06-11
PROD_TGD_100019,Dien thoai Vivo Y100 16GB/64GB - Moi 100%,Vivo,Y100,16GB,64GB,41290000.0,40290000.0,Con hang,Moi 100%,TGDD,2026-06-11
PROD_TGD_100020,Dien thoai Apple iPhone 13 4GB/128GB - Moi 100%,Apple,iPhone 13,4GB,128GB,32630000.0,32630000.0,Con hang,Moi 100%,TGDD,2026-06-11
PROD_TGD_100021,Dien thoai Samsung Galaxy A55 16GB/64GB - Moi 100%,Samsung,Galaxy A55,16GB,64GB,44150000.0,44150000.0,Con hang,Moi 100%,TGDD,2026-06-11
PROD_TGD_100022,Dien thoai Xiaomi Poco X6 Pro 6GB/64GB - Moi 100%,Xiaomi,Poco X6 Pro,6GB,64GB,43090000.0,41090000.0,Con hang,Moi 100%,TGDD,2026-06-11
PROD_CEL_100023,Dien thoai Vivo V30 5G 12GB/256GB - Moi 100%,Vivo,V30 5G,12GB,256GB,43170000.0,43170000.0,Con hang,Moi 100%,CellphoneS,2026-06-11
PROD_CEL_100024,Dien thoai Xiaomi Xiaomi 14 12GB/1TB - Hang trung bay,Xiaomi,Xiaomi 14,12GB,1TB,38650000.0,36650000.0,Het hang,Hang trung bay,CellphoneS,2026-06-11
PROD_TGD_100025,Dien thoai Vivo Y100 8GB/512GB - Moi 100%,Vivo,Y100,8GB,512GB,40200000.0,39200000.0,Con hang,Moi 100%,TGDD,2026-06-11
PROD_TGD_100026,Dien thoai Samsung Galaxy Z Fold6 4GB/1TB - Moi 100%,Samsung,Galaxy Z Fold6,4GB,1TB,30980000.0,28980000.0,Het hang,Moi 100%,TGDD,2026-06-11
PROD_TGD_100027,Dien thoai Xiaomi Xiaomi 14 8GB/128GB - Moi 100%,Xiaomi,Xiaomi 14,8GB,128GB,30010000.0,28010000.0,Het hang,Moi 100%,TGDD,2026-06-11
PROD_CEL_100028,Dien thoai Vivo X100 Pro 6GB/512GB - Moi 100%,Vivo,X100 Pro,6GB,512GB,36770000.0,34770000.0,Con hang,Moi 100%,CellphoneS,2026-06-11
PROD_TGD_100029,Dien thoai Apple iPhone 13 4GB/256GB - Da kich hoat,Apple,iPhone 13,4GB,256GB,40250000.0,39750000.0,Con hang,Da kich hoat,TGDD,2026-06-11
PROD_CEL_100030,Dien thoai Realme Realme C65 6GB/256GB - Moi 100%,realme,Realme C65,6GB,256GB,38030000.0,37030000.0,Con hang,Moi 100%,CellphoneS,2026-06-11
PROD_CEL_100031,Dien thoai Samsung Galaxy S24 Ultra 12GB/1TB - Moi 100%,Samsung,Galaxy S24 Ultra,12GB,1TB,43190000.0,41190000.0,Con hang,Moi 100%,CellphoneS,2026-06-11
PROD_TGD_100032,Dien thoai Xiaomi Xiaomi 14 8GB/256GB - Moi 100%,Xiaomi,Xiaomi 14,8GB,256GB,43710000.0,43710000.0,Con hang,Moi 100%,TGDD,2026-06-11
PROD_CEL_100033,Dien thoai Xiaomi Xiaomi 14 6GB/1TB - Da kich hoat,Xiaomi,Xiaomi 14,6GB,1TB,31910000.0,30910000.0,Con hang,Da kich hoat,CellphoneS,2026-06-11
PROD_CEL_100034,Dien thoai Realme Realme C65 16GB/1TB - Moi 100%,Realme,Realme C65,16GB,1TB,44880000.0,42880000.0,Con hang,Moi 100%,CellphoneS,2026-06-11
PROD_TGD_100035,Dien thoai Realme Realme C65 8GB/128GB - Moi 100%,Realme,Realme C65,8GB,128GB,40090000.0,38090000.0,Con hang,Moi 100%,TGDD,2026-06-11
PROD_CEL_100036,Dien thoai Samsung Galaxy A55 8GB/256GB - Moi 100%,Samsung,Galaxy A55,8GB,256GB,37240000.0,36240000.0,Het hang,Moi 100%,CellphoneS,2026-06-11
PROD_CEL_100037,Dien thoai Vivo Y100 12GB/128GB - Moi 100%,Vivo,Y100,12GB,128GB,43650000.0,43650000.0,Con hang,Moi 100%,CellphoneS,2026-06-11
PROD_TGD_100038,Dien thoai Samsung Galaxy A55 16GB/128GB - Hang trung bay,Samsung,Galaxy A55,16GB,128GB,36600000.0,35600000.0,Het hang,Hang trung bay,TGDD,2026-06-11
PROD_CEL_100039,Dien thoai Xiaomi Redmi Note 13 4GB/64GB - Da kich hoat,Xiaomi,Redmi Note 13,4GB,64GB,38820000.0,38820000.0,Con hang,Da kich hoat,CellphoneS,2026-06-11
PROD_TGD_100040,Dien thoai Realme Realme C65 6GB/128GB - Moi 100%,Realme,Realme C65,6GB,128GB,34300000.0,32300000.0,Het hang,Moi 100%,TGDD,2026-06-11
PROD_TGD_100041,Dien thoai Realme Realme 12 Rest 12GB/1TB - Moi 100%,Realme,Realme 12 Rest,12GB,1TB,34540000.0,34040000.0,Con hang,Moi 100%,TGDD,2026-06-11
PROD_TGD_100042,Dien thoai Realme Realme Note 50 12GB/512GB - Hang trung bay,Realme,Realme Note 50,12GB,512GB,34890000.0,34890000.0,Con hang,Hang trung bay,TGDD,2026-06-11
PROD_CEL_100043,Dien thoai Oppo Reno11 F 16GB/128GB - Moi 100%,Oppo,Reno11 F,16GB,128GB,41780000.0,41780000.0,Con hang,Moi 100%,CellphoneS,2026-06-11
PROD_TGD_100044,Dien thoai Realme Realme Note 50 16GB/256GB - Moi 100%,Realme,Realme Note 50,16GB,256GB,30770000.0,30270000.0,Het hang,Moi 100%,TGDD,2026-06-11
PROD_CEL_100045,Dien thoai Apple iPhone 15 Pro Max 16GB/128GB - Moi 100%,apple,iPhone 15 Pro Max,16GB,128GB,39590000.0,,Con hang,Moi 100%,CellphoneS,2026-06-11
PROD_CEL_100046,Dien thoai Realme Realme C65 12GB/64GB - Moi 100%,Realme,Realme C65,12GB,64GB,44940000.0,44940000.0,Het hang,Moi 100%,CellphoneS,2026-06-11
PROD_CEL_100047,Dien thoai Apple iPhone 14 Pro 12GB/64GB - Moi 100%,Apple,iPhone 14 Pro,12GB,64GB,44340000.0,44340000.0,Con hang,Moi 100%,CellphoneS,2026-06-11
PROD_TGD_100048,Dien thoai Apple iPhone 13 12GB/128GB - Moi 100%,Apple,iPhone 13,12GB,128GB,38300000.0,37300000.0,Con hang,Moi 100%,TGDD,2026-06-11
PROD_CEL_100049,Dien thoai Samsung Galaxy Z Fold6 8GB/128GB - Moi 100%,Samsung,Galaxy Z Fold6,8GB,128GB,36870000.0,36370000.0,Con hang,Moi 100%,CellphoneS,2026-06-11
PROD_CEL_100050,Dien thoai Xiaomi Redmi Note 13 6GB/512GB - Moi 100%,Xiaomi,Redmi Note 13,6GB,512GB,37020000.0,36520000.0,Con hang,Moi 100%,CellphoneS,2026-06-11
PROD_TGD_100051,Dien thoai Oppo A78 12GB/64GB - Moi 100%,Oppo,A78,12GB,64GB,35230000.0,33230000.0,Con hang,Moi 100%,TGDD,2026-06-11
PROD_CEL_100052,Dien thoai Samsung Galaxy Z Fold6 12GB/128GB - Moi 100%,Samsung,Galaxy Z Fold6,12GB,128GB,30600000.0,29600000.0,Con hang,Moi 100%,CellphoneS,2026-06-11
PROD_TGD_100053,Dien thoai Samsung Galaxy Z Fold6 12GB/256GB - Moi 100%,Samsung,Galaxy Z Fold6,12GB,256GB,40080000.0,39080000.0,Con hang,Moi 100%,TGDD,2026-06-11
PROD_TGD_100054,Dien thoai Samsung Galaxy A55 8GB/256GB - Moi 100%,Samsung,Galaxy A55,8GB,256GB,36780000.0,36780000.0,Con hang,Moi 100%,TGDD,2026-06-11
PROD_CEL_100055,Dien thoai Vivo V30 5G 16GB/256GB - Moi 100%,Vivo,V30 5G,16GB,256GB,32540000.0,32540000.0,Con hang,Moi 100%,CellphoneS,2026-06-11
PROD_TGD_100056,Dien thoai Realme Realme C65 8GB/256GB - Moi 100%,Realme,Realme C65,8GB,256GB,31710000.0,31710000.0,Con hang,Moi 100%,TGDD,2026-06-11
PROD_CEL_100057,Dien thoai Oppo Find N3 Flip 16GB/1TB - Moi 100%,Oppo,Find N3 Flip,16GB,1TB,30850000.0,29850000.0,Con hang,Moi 100%,CellphoneS,2026-06-11
PROD_CEL_100058,Dien thoai Realme Realme C65 6GB/128GB - Moi 100%,Realme,Realme C65,6GB,128GB,31380000.0,29380000.0,Con hang,Moi 100%,CellphoneS,2026-06-11
PROD_TGD_100059,Dien thoai Oppo A78 4GB/128GB - Moi 100%,Oppo,A78,4GB,128GB,32520000.0,30520000.0,Con hang,Moi 100%,TGDD,2026-06-11
PROD_CEL_100060,Dien thoai Xiaomi Xiaomi 14 12GB/64GB - Moi 100%,xiaomi,Xiaomi 14,12GB,64GB,37660000.0,36660000.0,Het hang,Moi 100%,CellphoneS,2026-06-11
PROD_CEL_100061,Dien thoai Vivo Y100 12GB/64GB - Moi 100%,Vivo,Y100,12GB,64GB,40990000.0,40990000.0,Con hang,Moi 100%,CellphoneS,2026-06-11
PROD_TGD_100062,Dien thoai Oppo A78 6GB/128GB - Moi 100%,Oppo,A78,6GB,128GB,41360000.0,39360000.0,Con hang,Moi 100%,TGDD,2026-06-11
PROD_CEL_100063,Dien thoai Vivo X100 Pro 4GB/512GB - Moi 100%,Vivo,X100 Pro,4GB,512GB,33480000.0,32980000.0,Con hang,Moi 100%,CellphoneS,2026-06-11
PROD_CEL_100064,Dien thoai Vivo X100 Pro 6GB/128GB - Moi 100%,Vivo,X100 Pro,6GB,128GB,31140000.0,31140000.0,Het hang,Moi 100%,CellphoneS,2026-06-11
PROD_TGD_100065,Dien thoai Vivo V30 5G 6GB/256GB - Moi 100%,Vivo,V30 5G,6GB,256GB,39450000.0,39450000.0,Con hang,Moi 100%,TGDD,2026-06-11
PROD_TGD_100066,Dien thoai Vivo V30 5G 16GB/64GB - Moi 100%,Vivo,V30 5G,16GB,64GB,43260000.0,42760000.0,Con hang,Moi 100%,TGDD,2026-06-11
PROD_TGD_100067,Dien thoai Realme Realme Note 50 8GB/64GB - Moi 100%,Realme,Realme Note 50,8GB,64GB,35160000.0,34660000.0,Con hang,Moi 100%,TGDD,2026-06-11
PROD_CEL_100068,Dien thoai Apple iPhone 13 4GB/1TB - Moi 100%,Apple,iPhone 13,4GB,1TB,41270000.0,40770000.0,Con hang,Moi 100%,CellphoneS,2026-06-11
PROD_CEL_100069,Dien thoai Realme Realme 12 Rest 8GB/64GB - Moi 100%,Realme,Realme 12 Rest,8GB,64GB,38920000.0,37920000.0,Con hang,Moi 100%,CellphoneS,2026-06-11
PROD_CEL_100070,Dien thoai Xiaomi Poco X6 Pro 8GB/64GB - Moi 100%,Xiaomi,Poco X6 Pro,8GB,64GB,32670000.0,32170000.0,Con hang,Moi 100%,CellphoneS,2026-06-11
PROD_TGD_100071,Dien thoai Samsung Galaxy Z Fold6 6GB/512GB - Moi 100%,Samsung,Galaxy Z Fold6,6GB,512GB,42980000.0,41980000.0,Con hang,Moi 100%,TGDD,2026-06-11
PROD_TGD_100072,Dien thoai Vivo V30 5G 16GB/512GB - Moi 100%,Vivo,V30 5G,16GB,512GB,34750000.0,34250000.0,Con hang,Moi 100%,TGDD,2026-06-11
PROD_TGD_100073,Dien thoai Realme Realme C65 12GB/128GB - Moi 100%,Realme,Realme C65,12GB,128GB,43380000.0,42880000.0,Con hang,Moi 100%,TGDD,2026-06-11
PROD_CEL_100074,Dien thoai Realme Realme C65 6GB/64GB - Moi 100%,Realme,Realme C65,6GB,64GB,33440000.0,33440000.0,Con hang,Moi 100%,CellphoneS,2026-06-11
PROD_CEL_100075,Dien thoai Samsung Galaxy A55 12GB/128GB - Moi 100%,samsung,Galaxy A55,12GB,128GB,31410000.0,30410000.0,Con hang,Moi 100%,CellphoneS,2026-06-11
PROD_CEL_100076,Dien thoai Realme Realme Note 50 4GB/64GB - Moi 100%,Realme,Realme Note 50,4GB,64GB,37250000.0,36750000.0,Con hang,Moi 100%,CellphoneS,2026-06-11
PROD_CEL_100077,Dien thoai Vivo Y100 8GB/256GB - Moi 100%,Vivo,Y100,8GB,256GB,40740000.0,39740000.0,Het hang,Moi 100%,CellphoneS,2026-06-11
PROD_TGD_100078,Dien thoai Xiaomi Poco X6 Pro 12GB/256GB - Moi 100%,Xiaomi,Poco X6 Pro,12GB,256GB,35930000.0,34930000.0,Con hang,Moi 100%,TGDD,2026-06-11
PROD_CEL_100079,Dien thoai Vivo X100 Pro 4GB/512GB - Moi 100%,Vivo,X100 Pro,4GB,512GB,32260000.0,31760000.0,Con hang,Moi 100%,CellphoneS,2026-06-11
PROD_TGD_100080,Dien thoai Xiaomi Xiaomi 14 12GB/512GB - Moi 100%,Xiaomi,Xiaomi 14,12GB,512GB,,33960000.0,Con hang,Moi 100%,TGDD,2026-06-11
PROD_CEL_100081,Dien thoai Samsung Galaxy S24 Ultra 4GB/256GB - Moi 100%,Samsung,Galaxy S24 Ultra,4GB,256GB,35000000.0,34500000.0,Con hang,Moi 100%,CellphoneS,2026-06-11
PROD_CEL_100082,Dien thoai Vivo Y100 6GB/64GB - Moi 100%,Vivo,Y100,6GB,64GB,37790000.0,37290000.0,Con hang,Moi 100%,CellphoneS,2026-06-11
PROD_TGD_100083,Dien thoai Realme Realme 12 Rest 16GB/64GB - Moi 100%,Realme,Realme 12 Rest,16GB,64GB,31140000.0,29140000.0,Con hang,Moi 100%,TGDD,2026-06-11
PROD_TGD_100084,Dien thoai Xiaomi Redmi Note 13 6GB/256GB - Moi 100%,Xiaomi,Redmi Note 13,6GB,256GB,43310000.0,42310000.0,Con hang,Moi 100%,TGDD,2026-06-11
PROD_TGD_100085,Dien thoai Realme Realme C65 6GB/1TB - Moi 100%,Realme,Realme C65,6GB,1TB,33030000.0,31030000.0,Het hang,Moi 100%,TGDD,2026-06-11
PROD_CEL_100086,Dien thoai Oppo Find N3 Flip 16GB/512GB - Moi 100%,Oppo,Find N3 Flip,16GB,512GB,43650000.0,43650000.0,Het hang,Moi 100%,CellphoneS,2026-06-11
PROD_TGD_100087,Dien thoai Xiaomi Poco X6 Pro 6GB/128GB - Moi 100%,Xiaomi,Poco X6 Pro,6GB,128GB,32380000.0,32380000.0,Con hang,Moi 100%,TGDD,2026-06-11
PROD_TGD_100088,Dien thoai Apple iPhone 15 Pro Max 8GB/64GB - Moi 100%,Apple,iPhone 15 Pro Max,8GB,64GB,42370000.0,40370000.0,Con hang,Moi 100%,TGDD,2026-06-11
PROD_CEL_100089,Dien thoai Xiaomi Xiaomi 14 16GB/256GB - Moi 100%,Xiaomi,Xiaomi 14,16GB,256GB,42340000.0,42340000.0,Con hang,Moi 100%,CellphoneS,2026-06-11
PROD_CEL_100090,Dien thoai Vivo Y100 6GB/512GB - Moi 100%,vivo,Y100,6GB,512GB,40870000.0,,Con hang,Moi 100%,CellphoneS,2026-06-11
PROD_CEL_100091,Dien thoai Samsung Galaxy S24 Ultra 8GB/512GB - Moi 100%,Samsung,Galaxy S24 Ultra,8GB,512GB,37630000.0,37130000.0,Con hang,Moi 100%,CellphoneS,2026-06-11
PROD_CEL_100092,Dien thoai Xiaomi Redmi Note 13 6GB/256GB - Moi 100%,Xiaomi,Redmi Note 13,6GB,256GB,42810000.0,42810000.0,Con hang,Moi 100%,CellphoneS,2026-06-11
PROD_TGD_100093,Dien thoai Realme Realme C65 8GB/1TB - Moi 100%,Realme,Realme C65,8GB,1TB,39320000.0,37320000.0,Con hang,Moi 100%,TGDD,2026-06-11
PROD_CEL_100094,Dien thoai Samsung Galaxy A55 12GB/128GB - Moi 100%,Samsung,Galaxy A55,12GB,128GB,32910000.0,31910000.0,Con hang,Moi 100%,CellphoneS,2026-06-11
PROD_CEL_100095,Dien thoai Xiaomi Xiaomi 14 6GB/64GB - Moi 100%,Xiaomi,Xiaomi 14,6GB,64GB,37550000.0,37550000.0,Con hang,Moi 100%,CellphoneS,2026-06-11
PROD_CEL_100096,Dien thoai Realme Realme 12 Rest 12GB/64GB - Moi 100%,Realme,Realme 12 Rest,12GB,64GB,43940000.0,43440000.0,Con hang,Moi 100%,CellphoneS,2026-06-11
PROD_CEL_100097,Dien thoai Xiaomi Redmi Note 13 12GB/512GB - Moi 100%,Xiaomi,Redmi Note 13,12GB,512GB,34020000.0,32020000.0,Con hang,Moi 100%,CellphoneS,2026-06-11
PROD_TGD_100098,Dien thoai Vivo X100 Pro 8GB/128GB - Moi 100%,Vivo,X100 Pro,8GB,128GB,30480000.0,29480000.0,Con hang,Moi 100%,TGDD,2026-06-11
PROD_TGD_100099,Dien thoai Realme Realme C65 16GB/1TB - Moi 100%,Realme,Realme C65,16GB,1TB,37730000.0,37230000.0,Con hang,Moi 100%,TGDD,2026-06-11
PROD_TGD_100100,Dien thoai Samsung Galaxy Z Fold6 6GB/512GB - Moi 100%,Samsung,Galaxy Z Fold6,6GB,512GB,39770000.0,39270000.0,Con hang,Moi 100%,TGDD,2026-06-11
PROD_TGD_100101,Dien thoai Samsung Galaxy S24 Ultra 8GB/128GB - Moi 100%,Samsung,Galaxy S24 Ultra,8GB,128GB,39080000.0,38580000.0,Con hang,Moi 100%,TGDD,2026-06-11
PROD_TGD_100102,Dien thoai Oppo A78 12GB/128GB - Moi 100%,Oppo,A78,12GB,128GB,32450000.0,31450000.0,Con hang,Moi 100%,TGDD,2026-06-11
PROD_TGD_100103,Dien thoai Samsung Galaxy Z Fold6 16GB/64GB - Moi 100%,Samsung,Galaxy Z Fold6,16GB,64GB,38840000.0,38840000.0,Con hang,Moi 100%,TGDD,2026-06-11
PROD_CEL_100104,Dien thoai Apple iPhone 13 12GB/512GB - Moi 100%,Apple,iPhone 13,12GB,512GB,42180000.0,41180000.0,Con hang,Moi 100%,CellphoneS,2026-06-11
PROD_TGD_100105,Dien thoai Xiaomi Redmi Note 13 8GB/512GB - Moi 100%,xiaomi,Redmi Note 13,8GB,512GB,34380000.0,34380000.0,Con hang,Moi 100%,TGDD,2026-06-11
PROD_TGD_100106,Dien thoai Realme Realme 12 Rest 8GB/1TB - Moi 100%,Realme,Realme 12 Rest,8GB,1TB,41590000.0,41590000.0,Con hang,Moi 100%,TGDD,2026-06-11
PROD_CEL_100107,Dien thoai Samsung Galaxy A55 12GB/128GB - Moi 100%,Samsung,Galaxy A55,12GB,128GB,36050000.0,36050000.0,Con hang,Moi 100%,CellphoneS,2026-06-11
PROD_TGD_100108,Dien thoai Realme Realme Note 50 6GB/1TB - Moi 100%,Realme,Realme Note 50,6GB,1TB,38270000.0,37770000.0,Het hang,Moi 100%,TGDD,2026-06-11
PROD_TGD_100109,Dien thoai Oppo Find N3 Flip 6GB/128GB - Moi 100%,Oppo,Find N3 Flip,6GB,128GB,38160000.0,37160000.0,Con hang,Moi 100%,TGDD,2026-06-11
PROD_CEL_100110,Dien thoai Oppo Find N3 Flip 8GB/1TB - Moi 100%,Oppo,Find N3 Flip,8GB,1TB,42320000.0,41320000.0,Con hang,Moi 100%,CellphoneS,2026-06-11
PROD_CEL_100111,Dien thoai Apple iPhone 14 Pro 16GB/128GB - Moi 100%,Apple,iPhone 14 Pro,16GB,128GB,31880000.0,31880000.0,Con hang,Moi 100%,CellphoneS,2026-06-11
PROD_CEL_100112,Dien thoai Apple iPhone 13 16GB/64GB - Moi 100%,Apple,iPhone 13,16GB,64GB,33430000.0,32930000.0,Con hang,Moi 100%,CellphoneS,2026-06-11
PROD_CEL_100113,Dien thoai Xiaomi Xiaomi 14 8GB/256GB - Moi 100%,Xiaomi,Xiaomi 14,8GB,256GB,34710000.0,34210000.0,Con hang,Moi 100%,CellphoneS,2026-06-11
PROD_CEL_100114,Dien thoai Oppo Reno11 F 12GB/512GB - Moi 100%,Oppo,Reno11 F,12GB,512GB,41840000.0,40840000.0,Het hang,Moi 100%,CellphoneS,2026-06-11
PROD_TGD_100115,Dien thoai Oppo Find N3 Flip 4GB/256GB - Moi 100%,Oppo,Find N3 Flip,4GB,256GB,40090000.0,39090000.0,Con hang,Moi 100%,TGDD,2026-06-11
PROD_TGD_100116,Dien thoai Vivo X100 Pro 4GB/64GB - Moi 100%,Vivo,X100 Pro,4GB,64GB,32410000.0,30410000.0,Het hang,Moi 100%,TGDD,2026-06-11
PROD_CEL_100117,Dien thoai Apple iPhone 15 Pro Max 6GB/512GB - Moi 100%,Apple,iPhone 15 Pro Max,6GB,512GB,40640000.0,40640000.0,Con hang,Moi 100%,CellphoneS,2026-06-11
PROD_TGD_100118,Dien thoai Xiaomi Poco X6 Pro 4GB/1TB - Moi 100%,Xiaomi,Poco X6 Pro,4GB,1TB,32750000.0,30750000.0,Con hang,Moi 100%,TGDD,2026-06-11
PROD_TGD_100119,Dien thoai Samsung Galaxy A55 6GB/64GB - Moi 100%,Samsung,Galaxy A55,6GB,64GB,34710000.0,34710000.0,Con hang,Moi 100%,TGDD,2026-06-11
PROD_CEL_100120,Dien thoai Realme Realme C65 12GB/64GB - Moi 100%,realme,Realme C65,12GB,64GB,40580000.0,39580000.0,Con hang,Moi 100%,CellphoneS,2026-06-11
PROD_CEL_100121,Dien thoai Apple iPhone 14 Pro 12GB/1TB - Moi 100%,Apple,iPhone 14 Pro,12GB,1TB,40950000.0,40950000.0,Con hang,Moi 100%,CellphoneS,2026-06-11
PROD_CEL_100122,Dien thoai Samsung Galaxy Z Fold6 4GB/256GB - Moi 100%,Samsung,Galaxy Z Fold6,4GB,256GB,32620000.0,31620000.0,Con hang,Moi 100%,CellphoneS,2026-06-11
PROD_TGD_100123,Dien thoai Realme Realme C65 12GB/256GB - Moi 100%,Realme,Realme C65,12GB,256GB,44350000.0,42350000.0,Con hang,Moi 100%,TGDD,2026-06-11
PROD_CEL_100124,Dien thoai Apple iPhone 13 12GB/512GB - Hang trung bay,Apple,iPhone 13,12GB,512GB,36930000.0,34930000.0,Con hang,Hang trung bay,CellphoneS,2026-06-11
PROD_TGD_100125,Dien thoai Xiaomi Redmi Note 13 12GB/128GB - Moi 100%,Xiaomi,Redmi Note 13,12GB,128GB,40960000.0,38960000.0,Con hang,Moi 100%,TGDD,2026-06-11
PROD_CEL_100126,Dien thoai Xiaomi Redmi Note 13 16GB/512GB - Moi 100%,Xiaomi,Redmi Note 13,16GB,512GB,44080000.0,44080000.0,Con hang,Moi 100%,CellphoneS,2026-06-11
PROD_CEL_100127,Dien thoai Vivo V30 5G 4GB/128GB - Moi 100%,Vivo,V30 5G,4GB,128GB,30160000.0,29160000.0,Con hang,Moi 100%,CellphoneS,2026-06-11
PROD_CEL_100128,Dien thoai Xiaomi Redmi Note 13 12GB/128GB - Da kich hoat,Xiaomi,Redmi Note 13,12GB,128GB,42000000.0,41500000.0,Con hang,Da kich hoat,CellphoneS,2026-06-11
PROD_TGD_100129,Dien thoai Realme Realme 12 Rest 12GB/128GB - Moi 100%,Realme,Realme 12 Rest,12GB,128GB,42220000.0,42220000.0,Het hang,Moi 100%,TGDD,2026-06-11
PROD_TGD_100130,Dien thoai Xiaomi Poco X6 Pro 8GB/1TB - Moi 100%,Xiaomi,Poco X6 Pro,8GB,1TB,39980000.0,39480000.0,Con hang,Moi 100%,TGDD,2026-06-11
PROD_CEL_100131,Dien thoai Apple iPhone 14 Pro 4GB/512GB - Moi 100%,Apple,iPhone 14 Pro,4GB,512GB,36430000.0,36430000.0,Het hang,Moi 100%,CellphoneS,2026-06-11
PROD_CEL_100132,Dien thoai Realme Realme 12 Rest 6GB/128GB - Moi 100%,Realme,Realme 12 Rest,6GB,128GB,37160000.0,35160000.0,Con hang,Moi 100%,CellphoneS,2026-06-11
PROD_TGD_100133,Dien thoai Oppo Find N3 Flip 6GB/1TB - Hang trung bay,Oppo,Find N3 Flip,6GB,1TB,32220000.0,32220000.0,Con hang,Hang trung bay,TGDD,2026-06-11
PROD_CEL_100134,Dien thoai Samsung Galaxy A55 16GB/1TB - Moi 100%,Samsung,Galaxy A55,16GB,1TB,36440000.0,34440000.0,Con hang,Moi 100%,CellphoneS,2026-06-11
PROD_TGD_100135,Dien thoai Oppo Find N3 Flip 12GB/64GB - Moi 100%,oppo,Find N3 Flip,12GB,64GB,37080000.0,,Con hang,Moi 100%,TGDD,2026-06-11
PROD_TGD_100136,Dien thoai Realme Realme 12 Rest 6GB/128GB - Moi 100%,Realme,Realme 12 Rest,6GB,128GB,35250000.0,34750000.0,Con hang,Moi 100%,TGDD,2026-06-11
PROD_CEL_100137,Dien thoai Realme Realme Note 50 8GB/512GB - Moi 100%,Realme,Realme Note 50,8GB,512GB,44030000.0,42030000.0,Con hang,Moi 100%,CellphoneS,2026-06-11
PROD_CEL_100138,Dien thoai Realme Realme C65 16GB/128GB - Moi 100%,Realme,Realme C65,16GB,128GB,43570000.0,41570000.0,Het hang,Moi 100%,CellphoneS,2026-06-11
PROD_TGD_100139,Dien thoai Realme Realme 12 Rest 8GB/256GB - Moi 100%,Realme,Realme 12 Rest,8GB,256GB,43240000.0,43240000.0,Het hang,Moi 100%,TGDD,2026-06-11
PROD_TGD_100140,Dien thoai Apple iPhone 15 Pro Max 6GB/512GB - Moi 100%,Apple,iPhone 15 Pro Max,6GB,512GB,30170000.0,29170000.0,Con hang,Moi 100%,TGDD,2026-06-11
PROD_CEL_100141,Dien thoai Apple iPhone 13 4GB/1TB - Moi 100%,Apple,iPhone 13,4GB,1TB,36750000.0,34750000.0,Het hang,Moi 100%,CellphoneS,2026-06-11
PROD_TGD_100142,Dien thoai Xiaomi Xiaomi 14 6GB/128GB - Moi 100%,Xiaomi,Xiaomi 14,6GB,128GB,42970000.0,40970000.0,Con hang,Moi 100%,TGDD,2026-06-11
PROD_CEL_100143,Dien thoai Samsung Galaxy Z Fold6 6GB/128GB - Moi 100%,Samsung,Galaxy Z Fold6,6GB,128GB,37140000.0,36140000.0,Con hang,Moi 100%,CellphoneS,2026-06-11
PROD_CEL_100144,Dien thoai Oppo A78 6GB/128GB - Moi 100%,Oppo,A78,6GB,128GB,38880000.0,37880000.0,Con hang,Moi 100%,CellphoneS,2026-06-11
PROD_CEL_100145,Dien thoai Oppo A78 12GB/128GB - Moi 100%,Oppo,A78,12GB,128GB,35640000.0,33640000.0,Con hang,Moi 100%,CellphoneS,2026-06-11
PROD_CEL_100146,Dien thoai Samsung Galaxy Z Fold6 4GB/128GB - Moi 100%,Samsung,Galaxy Z Fold6,4GB,128GB,31430000.0,30430000.0,Con hang,Moi 100%,CellphoneS,2026-06-11
PROD_TGD_100147,Dien thoai Vivo X100 Pro 6GB/128GB - Moi 100%,Vivo,X100 Pro,6GB,128GB,41230000.0,39230000.0,Con hang,Moi 100%,TGDD,2026-06-11
PROD_CEL_100148,Dien thoai Samsung Galaxy S24 Ultra 12GB/128GB - Moi 100%,Samsung,Galaxy S24 Ultra,12GB,128GB,40010000.0,38010000.0,Con hang,Moi 100%,CellphoneS,2026-06-11
PROD_TGD_100149,Dien thoai Samsung Galaxy A55 8GB/128GB - Moi 100%,Samsung,Galaxy A55,8GB,128GB,43470000.0,41470000.0,Con hang,Moi 100%,TGDD,2026-06-11
PROD_CEL_100150,Dien thoai Oppo Find N3 Flip 16GB/1TB - Moi 100%,oppo,Find N3 Flip,16GB,1TB,40100000.0,39100000.0,Con hang,Moi 100%,CellphoneS,2026-06-11
PROD_CEL_100151,Dien thoai Realme Realme Note 50 6GB/256GB - Moi 100%,Realme,Realme Note 50,6GB,256GB,39030000.0,38030000.0,Con hang,Moi 100%,CellphoneS,2026-06-11
PROD_CEL_100152,Dien thoai Realme Realme Note 50 4GB/512GB - Moi 100%,Realme,Realme Note 50,4GB,512GB,41120000.0,39120000.0,Con hang,Moi 100%,CellphoneS,2026-06-11
PROD_CEL_100153,Dien thoai Samsung Galaxy S24 Ultra 6GB/64GB - Moi 100%,Samsung,Galaxy S24 Ultra,6GB,64GB,42640000.0,41640000.0,Con hang,Moi 100%,CellphoneS,2026-06-11
PROD_TGD_100154,Dien thoai Samsung Galaxy Z Fold6 6GB/256GB - Moi 100%,Samsung,Galaxy Z Fold6,6GB,256GB,31880000.0,31380000.0,Con hang,Moi 100%,TGDD,2026-06-11
PROD_TGD_100155,Dien thoai Samsung Galaxy Z Fold6 12GB/512GB - Moi 100%,Samsung,Galaxy Z Fold6,12GB,512GB,36950000.0,36450000.0,Con hang,Moi 100%,TGDD,2026-06-11
PROD_CEL_100156,Dien thoai Samsung Galaxy A55 4GB/512GB - Moi 100%,Samsung,Galaxy A55,4GB,512GB,36390000.0,35390000.0,Con hang,Moi 100%,CellphoneS,2026-06-11
PROD_TGD_100157,Dien thoai Realme Realme Note 50 6GB/512GB - Moi 100%,Realme,Realme Note 50,6GB,512GB,42690000.0,40690000.0,Con hang,Moi 100%,TGDD,2026-06-11
PROD_TGD_100158,Dien thoai Oppo A78 6GB/128GB - Moi 100%,Oppo,A78,6GB,128GB,37840000.0,37340000.0,Het hang,Moi 100%,TGDD,2026-06-11
PROD_TGD_100159,Dien thoai Vivo V30 5G 16GB/64GB - Moi 100%,Vivo,V30 5G,16GB,64GB,44330000.0,42330000.0,Con hang,Moi 100%,TGDD,2026-06-11
PROD_CEL_100160,Dien thoai Apple iPhone 15 Pro Max 8GB/64GB - Moi 100%,Apple,iPhone 15 Pro Max,8GB,64GB,,44290000.0,Con hang,Moi 100%,CellphoneS,2026-06-11
PROD_TGD_100161,Dien thoai Oppo Find N3 Flip 6GB/128GB - Da kich hoat,Oppo,Find N3 Flip,6GB,128GB,43210000.0,43210000.0,Con hang,Da kich hoat,TGDD,2026-06-11
PROD_CEL_100162,Dien thoai Apple iPhone 14 Pro 8GB/256GB - Moi 100%,Apple,iPhone 14 Pro,8GB,256GB,39440000.0,37440000.0,Con hang,Moi 100%,CellphoneS,2026-06-11
PROD_CEL_100163,Dien thoai Samsung Galaxy S24 Ultra 6GB/256GB - Hang trung bay,Samsung,Galaxy S24 Ultra,6GB,256GB,35560000.0,35560000.0,Con hang,Hang trung bay,CellphoneS,2026-06-11
PROD_TGD_100164,Dien thoai Xiaomi Xiaomi 14 8GB/64GB - Moi 100%,Xiaomi,Xiaomi 14,8GB,64GB,40280000.0,38280000.0,Con hang,Moi 100%,TGDD,2026-06-11
PROD_TGD_100165,Dien thoai Oppo Reno11 F 12GB/512GB - Moi 100%,oppo,Reno11 F,12GB,512GB,37120000.0,37120000.0,Con hang,Moi 100%,TGDD,2026-06-11
PROD_CEL_100166,Dien thoai Realme Realme Note 50 6GB/1TB - Moi 100%,Realme,Realme Note 50,6GB,1TB,42310000.0,40310000.0,Con hang,Moi 100%,CellphoneS,2026-06-11
PROD_TGD_100167,Dien thoai Xiaomi Poco X6 Pro 6GB/128GB - Moi 100%,Xiaomi,Poco X6 Pro,6GB,128GB,30280000.0,29780000.0,Con hang,Moi 100%,TGDD,2026-06-11
PROD_TGD_100168,Dien thoai Xiaomi Poco X6 Pro 16GB/256GB - Moi 100%,Xiaomi,Poco X6 Pro,16GB,256GB,42840000.0,40840000.0,Con hang,Moi 100%,TGDD,2026-06-11
PROD_TGD_100169,Dien thoai Apple iPhone 14 Pro 16GB/128GB - Da kich hoat,Apple,iPhone 14 Pro,16GB,128GB,37010000.0,36010000.0,Het hang,Da kich hoat,TGDD,2026-06-11
PROD_CEL_100170,Dien thoai Samsung Galaxy A55 12GB/128GB - Moi 100%,Samsung,Galaxy A55,12GB,128GB,41010000.0,40010000.0,Con hang,Moi 100%,CellphoneS,2026-06-11
PROD_TGD_100171,Dien thoai Xiaomi Redmi Note 13 4GB/1TB - Moi 100%,Xiaomi,Redmi Note 13,4GB,1TB,33250000.0,32750000.0,Con hang,Moi 100%,TGDD,2026-06-11
PROD_TGD_100172,Dien thoai Xiaomi Poco X6 Pro 16GB/1TB - Moi 100%,Xiaomi,Poco X6 Pro,16GB,1TB,36490000.0,34490000.0,Con hang,Moi 100%,TGDD,2026-06-11
PROD_CEL_100173,Dien thoai Vivo X100 Pro 6GB/1TB - Moi 100%,Vivo,X100 Pro,6GB,1TB,41080000.0,39080000.0,Het hang,Moi 100%,CellphoneS,2026-06-11
PROD_TGD_100174,Dien thoai Samsung Galaxy A55 4GB/128GB - Moi 100%,Samsung,Galaxy A55,4GB,128GB,39510000.0,39010000.0,Con hang,Moi 100%,TGDD,2026-06-11
PROD_CEL_100175,Dien thoai Vivo X100 Pro 6GB/512GB - Moi 100%,Vivo,X100 Pro,6GB,512GB,31010000.0,31010000.0,Con hang,Moi 100%,CellphoneS,2026-06-11
PROD_TGD_100176,Dien thoai Oppo A78 16GB/1TB - Moi 100%,Oppo,A78,16GB,1TB,43900000.0,41900000.0,Con hang,Moi 100%,TGDD,2026-06-11
PROD_TGD_100177,Dien thoai Samsung Galaxy S24 Ultra 12GB/256GB - Moi 100%,Samsung,Galaxy S24 Ultra,12GB,256GB,33740000.0,31740000.0,Con hang,Moi 100%,TGDD,2026-06-11
PROD_TGD_100178,Dien thoai Xiaomi Xiaomi 14 12GB/64GB - Moi 100%,Xiaomi,Xiaomi 14,12GB,64GB,37590000.0,35590000.0,Con hang,Moi 100%,TGDD,2026-06-11
PROD_TGD_100179,Dien thoai Vivo V30 5G 6GB/128GB - Moi 100%,Vivo,V30 5G,6GB,128GB,35630000.0,35130000.0,Con hang,Moi 100%,TGDD,2026-06-11
PROD_CEL_100180,Dien thoai Xiaomi Xiaomi 14 16GB/256GB - Moi 100%,xiaomi,Xiaomi 14,16GB,256GB,34700000.0,,Con hang,Moi 100%,CellphoneS,2026-06-11
PROD_TGD_100181,Dien thoai Oppo Reno11 F 4GB/64GB - Moi 100%,Oppo,Reno11 F,4GB,64GB,43370000.0,41370000.0,Con hang,Moi 100%,TGDD,2026-06-11
PROD_CEL_100182,Dien thoai Apple iPhone 13 8GB/256GB - Da kich hoat,Apple,iPhone 13,8GB,256GB,30310000.0,29310000.0,Con hang,Da kich hoat,CellphoneS,2026-06-11
PROD_CEL_100183,Dien thoai Samsung Galaxy S24 Ultra 6GB/128GB - Moi 100%,Samsung,Galaxy S24 Ultra,6GB,128GB,42470000.0,41470000.0,Het hang,Moi 100%,CellphoneS,2026-06-11
PROD_TGD_100184,Dien thoai Oppo Reno11 F 8GB/256GB - Moi 100%,Oppo,Reno11 F,8GB,256GB,35600000.0,33600000.0,Con hang,Moi 100%,TGDD,2026-06-11
PROD_TGD_100185,Dien thoai Realme Realme C65 6GB/64GB - Moi 100%,Realme,Realme C65,6GB,64GB,37220000.0,37220000.0,Het hang,Moi 100%,TGDD,2026-06-11
PROD_CEL_100186,Dien thoai Vivo V30 5G 12GB/256GB - Moi 100%,Vivo,V30 5G,12GB,256GB,32190000.0,31190000.0,Het hang,Moi 100%,CellphoneS,2026-06-11
PROD_CEL_100187,Dien thoai Apple iPhone 15 Pro Max 4GB/1TB - Hang trung bay,Apple,iPhone 15 Pro Max,4GB,1TB,34230000.0,34230000.0,Con hang,Hang trung bay,CellphoneS,2026-06-11
PROD_TGD_100188,Dien thoai Oppo Find N3 Flip 16GB/512GB - Moi 100%,Oppo,Find N3 Flip,16GB,512GB,41940000.0,41940000.0,Con hang,Moi 100%,TGDD,2026-06-11
PROD_CEL_100189,Dien thoai Vivo V30 5G 16GB/64GB - Moi 100%,Vivo,V30 5G,16GB,64GB,37600000.0,35600000.0,Con hang,Moi 100%,CellphoneS,2026-06-11
PROD_CEL_100190,Dien thoai Apple iPhone 15 Pro Max 4GB/128GB - Moi 100%,Apple,iPhone 15 Pro Max,4GB,128GB,34210000.0,34210000.0,Con hang,Moi 100%,CellphoneS,2026-06-11
PROD_TGD_100191,Dien thoai Xiaomi Redmi Note 13 8GB/256GB - Moi 100%,Xiaomi,Redmi Note 13,8GB,256GB,42830000.0,40830000.0,Con hang,Moi 100%,TGDD,2026-06-11
PROD_TGD_100192,Dien thoai Oppo A78 6GB/512GB - Moi 100%,Oppo,A78,6GB,512GB,44460000.0,43460000.0,Con hang,Moi 100%,TGDD,2026-06-11
PROD_CEL_100193,Dien thoai Vivo X100 Pro 12GB/256GB - Moi 100%,Vivo,X100 Pro,12GB,256GB,35040000.0,34540000.0,Con hang,Moi 100%,CellphoneS,2026-06-11
PROD_TGD_100194,Dien thoai Realme Realme Note 50 6GB/64GB - Moi 100%,Realme,Realme Note 50,6GB,64GB,35030000.0,33030000.0,Het hang,Moi 100%,TGDD,2026-06-11
PROD_TGD_100195,Dien thoai Apple iPhone 13 6GB/1TB - Moi 100%,apple,iPhone 13,6GB,1TB,40820000.0,40820000.0,Con hang,Moi 100%,TGDD,2026-06-11
PROD_TGD_100196,Dien thoai Oppo Find N3 Flip 6GB/512GB - Moi 100%,Oppo,Find N3 Flip,6GB,512GB,41060000.0,41060000.0,Con hang,Moi 100%,TGDD,2026-06-11
PROD_TGD_100197,Dien thoai Realme Realme 12 Rest 8GB/128GB - Moi 100%,Realme,Realme 12 Rest,8GB,128GB,39260000.0,38760000.0,Het hang,Moi 100%,TGDD,2026-06-11
PROD_TGD_100198,Dien thoai Realme Realme 12 Rest 8GB/1TB - Moi 100%,Realme,Realme 12 Rest,8GB,1TB,39000000.0,38500000.0,Con hang,Moi 100%,TGDD,2026-06-11
PROD_TGD_100199,Dien thoai Vivo X100 Pro 16GB/128GB - Moi 100%,Vivo,X100 Pro,16GB,128GB,37840000.0,37340000.0,Con hang,Moi 100%,TGDD,2026-06-11
PROD_CEL_100200,Dien thoai Vivo Y100 16GB/64GB - Moi 100%,Vivo,Y100,16GB,64GB,32650000.0,32650000.0,Con hang,Moi 100%,CellphoneS,2026-06-11
PROD_CEL_100201,Dien thoai Xiaomi Poco X6 Pro 16GB/64GB - Hang trung bay,Xiaomi,Poco X6 Pro,16GB,64GB,38750000.0,38250000.0,Con hang,Hang trung bay,CellphoneS,2026-06-11
PROD_CEL_100202,Dien thoai Xiaomi Poco X6 Pro 6GB/64GB - Moi 100%,Xiaomi,Poco X6 Pro,6GB,64GB,35210000.0,34710000.0,Con hang,Moi 100%,CellphoneS,2026-06-11
PROD_CEL_100203,Dien thoai Apple iPhone 15 Pro Max 6GB/1TB - Moi 100%,Apple,iPhone 15 Pro Max,6GB,1TB,41140000.0,41140000.0,Con hang,Moi 100%,CellphoneS,2026-06-11
PROD_CEL_100204,Dien thoai Vivo Y100 12GB/128GB - Moi 100%,Vivo,Y100,12GB,128GB,35790000.0,35790000.0,Con hang,Moi 100%,CellphoneS,2026-06-11
PROD_CEL_100205,Dien thoai Samsung Galaxy A55 6GB/1TB - Moi 100%,Samsung,Galaxy A55,6GB,1TB,35830000.0,34830000.0,Con hang,Moi 100%,CellphoneS,2026-06-11
PROD_TGD_100206,Dien thoai Vivo Y100 8GB/1TB - Hang trung bay,Vivo,Y100,8GB,1TB,30700000.0,29700000.0,Con hang,Hang trung bay,TGDD,2026-06-11
PROD_CEL_100207,Dien thoai Vivo V30 5G 12GB/1TB - Moi 100%,Vivo,V30 5G,12GB,1TB,37730000.0,36730000.0,Het hang,Moi 100%,CellphoneS,2026-06-11
PROD_TGD_100208,Dien thoai Vivo Y100 12GB/1TB - Moi 100%,Vivo,Y100,12GB,1TB,33050000.0,31050000.0,Con hang,Moi 100%,TGDD,2026-06-11
PROD_TGD_100209,Dien thoai Vivo V30 5G 8GB/128GB - Moi 100%,Vivo,V30 5G,8GB,128GB,38290000.0,36290000.0,Het hang,Moi 100%,TGDD,2026-06-11
PROD_CEL_100210,Dien thoai Realme Realme 12 Rest 6GB/64GB - Hang trung bay,realme,Realme 12 Rest,6GB,64GB,40320000.0,39820000.0,Con hang,Hang trung bay,CellphoneS,2026-06-11
PROD_CEL_100211,Dien thoai Oppo Reno11 F 6GB/512GB - Moi 100%,Oppo,Reno11 F,6GB,512GB,41270000.0,40270000.0,Con hang,Moi 100%,CellphoneS,2026-06-11
PROD_CEL_100212,Dien thoai Vivo X100 Pro 12GB/64GB - Moi 100%,Vivo,X100 Pro,12GB,64GB,32070000.0,31070000.0,Con hang,Moi 100%,CellphoneS,2026-06-11
PROD_CEL_100213,Dien thoai Vivo X100 Pro 6GB/512GB - Moi 100%,Vivo,X100 Pro,6GB,512GB,30740000.0,30740000.0,Con hang,Moi 100%,CellphoneS,2026-06-11
PROD_TGD_100214,Dien thoai Oppo Reno11 F 16GB/1TB - Moi 100%,Oppo,Reno11 F,16GB,1TB,31610000.0,30610000.0,Con hang,Moi 100%,TGDD,2026-06-11
PROD_TGD_100215,Dien thoai Realme Realme 12 Rest 6GB/1TB - Moi 100%,Realme,Realme 12 Rest,6GB,1TB,32040000.0,31540000.0,Con hang,Moi 100%,TGDD,2026-06-11
PROD_CEL_100216,Dien thoai Realme Realme Note 50 6GB/1TB - Moi 100%,Realme,Realme Note 50,6GB,1TB,34190000.0,34190000.0,Con hang,Moi 100%,CellphoneS,2026-06-11
PROD_TGD_100217,Dien thoai Samsung Galaxy Z Fold6 12GB/256GB - Moi 100%,Samsung,Galaxy Z Fold6,12GB,256GB,43750000.0,42750000.0,Con hang,Moi 100%,TGDD,2026-06-11
PROD_TGD_100218,Dien thoai Oppo Reno11 F 8GB/1TB - Moi 100%,Oppo,Reno11 F,8GB,1TB,37890000.0,37890000.0,Con hang,Moi 100%,TGDD,2026-06-11
PROD_TGD_100219,Dien thoai Vivo V30 5G 12GB/128GB - Moi 100%,Vivo,V30 5G,12GB,128GB,43040000.0,42040000.0,Con hang,Moi 100%,TGDD,2026-06-11
PROD_CEL_100220,Dien thoai Xiaomi Redmi Note 13 6GB/1TB - Moi 100%,Xiaomi,Redmi Note 13,6GB,1TB,44300000.0,42300000.0,Con hang,Moi 100%,CellphoneS,2026-06-11
PROD_CEL_100221,Dien thoai Realme Realme Note 50 4GB/128GB - Moi 100%,Realme,Realme Note 50,4GB,128GB,40940000.0,39940000.0,Con hang,Moi 100%,CellphoneS,2026-06-11
PROD_TGD_100222,Dien thoai Samsung Galaxy Z Fold6 6GB/64GB - Moi 100%,Samsung,Galaxy Z Fold6,6GB,64GB,33800000.0,33300000.0,Con hang,Moi 100%,TGDD,2026-06-11
PROD_TGD_100223,Dien thoai Apple iPhone 13 4GB/256GB - Moi 100%,Apple,iPhone 13,4GB,256GB,43670000.0,43170000.0,Con hang,Moi 100%,TGDD,2026-06-11
PROD_CEL_100224,Dien thoai Apple iPhone 14 Pro 8GB/1TB - Moi 100%,Apple,iPhone 14 Pro,8GB,1TB,42310000.0,40310000.0,Con hang,Moi 100%,CellphoneS,2026-06-11
PROD_CEL_100225,Dien thoai Samsung Galaxy Z Fold6 12GB/128GB - Moi 100%,samsung,Galaxy Z Fold6,12GB,128GB,38340000.0,,Con hang,Moi 100%,CellphoneS,2026-06-11
PROD_CEL_100226,Dien thoai Xiaomi Poco X6 Pro 4GB/128GB - Moi 100%,Xiaomi,Poco X6 Pro,4GB,128GB,35390000.0,34390000.0,Het hang,Moi 100%,CellphoneS,2026-06-11
PROD_CEL_100227,Dien thoai Samsung Galaxy S24 Ultra 12GB/512GB - Moi 100%,Samsung,Galaxy S24 Ultra,12GB,512GB,43700000.0,43700000.0,Con hang,Moi 100%,CellphoneS,2026-06-11
PROD_CEL_100228,Dien thoai Oppo A78 6GB/256GB - Moi 100%,Oppo,A78,6GB,256GB,42410000.0,41910000.0,Con hang,Moi 100%,CellphoneS,2026-06-11
PROD_TGD_100229,Dien thoai Oppo A78 6GB/128GB - Moi 100%,Oppo,A78,6GB,128GB,41290000.0,40290000.0,Con hang,Moi 100%,TGDD,2026-06-11
PROD_TGD_100230,Dien thoai Oppo Find N3 Flip 8GB/64GB - Moi 100%,Oppo,Find N3 Flip,8GB,64GB,39650000.0,39650000.0,Con hang,Moi 100%,TGDD,2026-06-11
PROD_CEL_100231,Dien thoai Oppo A78 12GB/1TB - Moi 100%,Oppo,A78,12GB,1TB,35920000.0,35920000.0,Con hang,Moi 100%,CellphoneS,2026-06-11
PROD_TGD_100232,Dien thoai Vivo Y100 12GB/512GB - Moi 100%,Vivo,Y100,12GB,512GB,40780000.0,40280000.0,Con hang,Moi 100%,TGDD,2026-06-11
PROD_CEL_100233,Dien thoai Vivo X100 Pro 12GB/512GB - Moi 100%,Vivo,X100 Pro,12GB,512GB,36590000.0,34590000.0,Con hang,Moi 100%,CellphoneS,2026-06-11
PROD_CEL_100234,Dien thoai Vivo V30 5G 12GB/1TB - Moi 100%,Vivo,V30 5G,12GB,1TB,37270000.0,37270000.0,Con hang,Moi 100%,CellphoneS,2026-06-11
PROD_TGD_100235,Dien thoai Realme Realme 12 Rest 4GB/1TB - Moi 100%,Realme,Realme 12 Rest,4GB,1TB,42580000.0,40580000.0,Con hang,Moi 100%,TGDD,2026-06-11
PROD_CEL_100236,Dien thoai Vivo V30 5G 6GB/256GB - Moi 100%,Vivo,V30 5G,6GB,256GB,43910000.0,42910000.0,Con hang,Moi 100%,CellphoneS,2026-06-11
PROD_TGD_100237,Dien thoai Xiaomi Xiaomi 14 12GB/512GB - Moi 100%,Xiaomi,Xiaomi 14,12GB,512GB,35340000.0,33340000.0,Het hang,Moi 100%,TGDD,2026-06-11
PROD_TGD_100238,Dien thoai Samsung Galaxy A55 12GB/128GB - Moi 100%,Samsung,Galaxy A55,12GB,128GB,34690000.0,34690000.0,Con hang,Moi 100%,TGDD,2026-06-11
PROD_CEL_100239,Dien thoai Xiaomi Poco X6 Pro 16GB/256GB - Moi 100%,Xiaomi,Poco X6 Pro,16GB,256GB,38150000.0,37650000.0,Con hang,Moi 100%,CellphoneS,2026-06-11
PROD_CEL_100240,Dien thoai Oppo Find N3 Flip 4GB/1TB - Moi 100%,oppo,Find N3 Flip,4GB,1TB,,38130000.0,Het hang,Moi 100%,CellphoneS,2026-06-11
PROD_TGD_100241,Dien thoai Apple iPhone 13 12GB/64GB - Da kich hoat,Apple,iPhone 13,12GB,64GB,39430000.0,38430000.0,Con hang,Da kich hoat,TGDD,2026-06-11
PROD_TGD_100242,Dien thoai Xiaomi Redmi Note 13 6GB/128GB - Moi 100%,Xiaomi,Redmi Note 13,6GB,128GB,44740000.0,43740000.0,Con hang,Moi 100%,TGDD,2026-06-11
PROD_CEL_100243,Dien thoai Vivo X100 Pro 8GB/256GB - Moi 100%,Vivo,X100 Pro,8GB,256GB,44480000.0,44480000.0,Het hang,Moi 100%,CellphoneS,2026-06-11
PROD_TGD_100244,Dien thoai Vivo V30 5G 6GB/64GB - Moi 100%,Vivo,V30 5G,6GB,64GB,40620000.0,40620000.0,Con hang,Moi 100%,TGDD,2026-06-11
PROD_TGD_100245,Dien thoai Realme Realme Note 50 6GB/64GB - Hang trung bay,Realme,Realme Note 50,6GB,64GB,33360000.0,33360000.0,Con hang,Hang trung bay,TGDD,2026-06-11
PROD_CEL_100246,Dien thoai Samsung Galaxy A55 12GB/256GB - Moi 100%,Samsung,Galaxy A55,12GB,256GB,37620000.0,36620000.0,Con hang,Moi 100%,CellphoneS,2026-06-11
PROD_TGD_100247,Dien thoai Apple iPhone 13 6GB/64GB - Moi 100%,Apple,iPhone 13,6GB,64GB,42700000.0,42200000.0,Con hang,Moi 100%,TGDD,2026-06-11
PROD_CEL_100248,Dien thoai Apple iPhone 13 12GB/64GB - Moi 100%,Apple,iPhone 13,12GB,64GB,39830000.0,37830000.0,Con hang,Moi 100%,CellphoneS,2026-06-11
PROD_CEL_100249,Dien thoai Vivo Y100 4GB/128GB - Moi 100%,Vivo,Y100,4GB,128GB,44210000.0,42210000.0,Het hang,Moi 100%,CellphoneS,2026-06-11
PROD_TGD_100250,Dien thoai Apple iPhone 14 Pro 16GB/256GB - Moi 100%,Apple,iPhone 14 Pro,16GB,256GB,41960000.0,41960000.0,Con hang,Moi 100%,TGDD,2026-06-11
PROD_TGD_100251,Dien thoai Samsung Galaxy S24 Ultra 12GB/128GB - Moi 100%,Samsung,Galaxy S24 Ultra,12GB,128GB,41860000.0,41860000.0,Con hang,Moi 100%,TGDD,2026-06-11
PROD_CEL_100252,Dien thoai Apple iPhone 14 Pro 8GB/512GB - Hang trung bay,Apple,iPhone 14 Pro,8GB,512GB,33080000.0,32580000.0,Con hang,Hang trung bay,CellphoneS,2026-06-11
PROD_CEL_100253,Dien thoai Oppo A78 8GB/64GB - Moi 100%,Oppo,A78,8GB,64GB,43910000.0,43410000.0,Con hang,Moi 100%,CellphoneS,2026-06-11
PROD_CEL_100254,Dien thoai Samsung Galaxy A55 4GB/64GB - Moi 100%,Samsung,Galaxy A55,4GB,64GB,32240000.0,32240000.0,Con hang,Moi 100%,CellphoneS,2026-06-11
PROD_TGD_100255,Dien thoai Vivo V30 5G 12GB/512GB - Moi 100%,vivo,V30 5G,12GB,512GB,36430000.0,35930000.0,Con hang,Moi 100%,TGDD,2026-06-11
PROD_CEL_100256,Dien thoai Vivo X100 Pro 8GB/128GB - Moi 100%,Vivo,X100 Pro,8GB,128GB,44590000.0,42590000.0,Con hang,Moi 100%,CellphoneS,2026-06-11
PROD_TGD_100257,Dien thoai Vivo X100 Pro 16GB/512GB - Moi 100%,Vivo,X100 Pro,16GB,512GB,43150000.0,41150000.0,Con hang,Moi 100%,TGDD,2026-06-11
PROD_TGD_100258,Dien thoai Apple iPhone 13 4GB/256GB - Moi 100%,Apple,iPhone 13,4GB,256GB,34780000.0,34780000.0,Con hang,Moi 100%,TGDD,2026-06-11
PROD_CEL_100259,Dien thoai Xiaomi Redmi Note 13 4GB/1TB - Moi 100%,Xiaomi,Redmi Note 13,4GB,1TB,44760000.0,43760000.0,Con hang,Moi 100%,CellphoneS,2026-06-11
PROD_TGD_100260,Dien thoai Apple iPhone 14 Pro 16GB/64GB - Moi 100%,Apple,iPhone 14 Pro,16GB,64GB,42950000.0,42950000.0,Het hang,Moi 100%,TGDD,2026-06-11
PROD_TGD_100261,Dien thoai Oppo Find N3 Flip 4GB/256GB - Moi 100%,Oppo,Find N3 Flip,4GB,256GB,39860000.0,39860000.0,Het hang,Moi 100%,TGDD,2026-06-11
PROD_CEL_100262,Dien thoai Realme Realme Note 50 12GB/256GB - Hang trung bay,Realme,Realme Note 50,12GB,256GB,35950000.0,34950000.0,Con hang,Hang trung bay,CellphoneS,2026-06-11
PROD_TGD_100263,Dien thoai Apple iPhone 14 Pro 8GB/128GB - Da kich hoat,Apple,iPhone 14 Pro,8GB,128GB,40960000.0,38960000.0,Con hang,Da kich hoat,TGDD,2026-06-11
PROD_CEL_100264,Dien thoai Realme Realme 12 Rest 6GB/128GB - Moi 100%,Realme,Realme 12 Rest,6GB,128GB,44820000.0,42820000.0,Con hang,Moi 100%,CellphoneS,2026-06-11
PROD_TGD_100265,Dien thoai Apple iPhone 15 Pro Max 4GB/64GB - Moi 100%,Apple,iPhone 15 Pro Max,4GB,64GB,39160000.0,39160000.0,Con hang,Moi 100%,TGDD,2026-06-11
PROD_CEL_100266,Dien thoai Xiaomi Xiaomi 14 6GB/128GB - Moi 100%,Xiaomi,Xiaomi 14,6GB,128GB,42140000.0,41140000.0,Con hang,Moi 100%,CellphoneS,2026-06-11
PROD_CEL_100267,Dien thoai Vivo V30 5G 4GB/128GB - Moi 100%,Vivo,V30 5G,4GB,128GB,44970000.0,43970000.0,Con hang,Moi 100%,CellphoneS,2026-06-11
PROD_TGD_100268,Dien thoai Vivo V30 5G 6GB/256GB - Da kich hoat,Vivo,V30 5G,6GB,256GB,42430000.0,41930000.0,Con hang,Da kich hoat,TGDD,2026-06-11
PROD_TGD_100269,Dien thoai Apple iPhone 13 6GB/1TB - Moi 100%,Apple,iPhone 13,6GB,1TB,38310000.0,37310000.0,Con hang,Moi 100%,TGDD,2026-06-11
PROD_CEL_100270,Dien thoai Vivo X100 Pro 16GB/1TB - Moi 100%,vivo,X100 Pro,16GB,1TB,30980000.0,,Con hang,Moi 100%,CellphoneS,2026-06-11
PROD_CEL_100271,Dien thoai Xiaomi Xiaomi 14 4GB/512GB - Da kich hoat,Xiaomi,Xiaomi 14,4GB,512GB,36650000.0,36150000.0,Con hang,Da kich hoat,CellphoneS,2026-06-11
PROD_CEL_100272,Dien thoai Xiaomi Redmi Note 13 8GB/512GB - Moi 100%,Xiaomi,Redmi Note 13,8GB,512GB,31720000.0,31720000.0,Con hang,Moi 100%,CellphoneS,2026-06-11
PROD_TGD_100273,Dien thoai Oppo Find N3 Flip 4GB/256GB - Da kich hoat,Oppo,Find N3 Flip,4GB,256GB,31530000.0,30530000.0,Con hang,Da kich hoat,TGDD,2026-06-11
PROD_CEL_100274,Dien thoai Vivo V30 5G 6GB/256GB - Moi 100%,Vivo,V30 5G,6GB,256GB,30980000.0,30480000.0,Con hang,Moi 100%,CellphoneS,2026-06-11
PROD_CEL_100275,Dien thoai Realme Realme 12 Rest 16GB/1TB - Moi 100%,Realme,Realme 12 Rest,16GB,1TB,36950000.0,36950000.0,Con hang,Moi 100%,CellphoneS,2026-06-11
PROD_TGD_100276,Dien thoai Oppo Reno11 F 4GB/128GB - Moi 100%,Oppo,Reno11 F,4GB,128GB,36230000.0,34230000.0,Con hang,Moi 100%,TGDD,2026-06-11
PROD_CEL_100277,Dien thoai Oppo Find N3 Flip 8GB/256GB - Moi 100%,Oppo,Find N3 Flip,8GB,256GB,42300000.0,41300000.0,Con hang,Moi 100%,CellphoneS,2026-06-11
PROD_CEL_100278,Dien thoai Samsung Galaxy S24 Ultra 8GB/64GB - Moi 100%,Samsung,Galaxy S24 Ultra,8GB,64GB,31950000.0,31950000.0,Het hang,Moi 100%,CellphoneS,2026-06-11
PROD_CEL_100279,Dien thoai Xiaomi Xiaomi 14 8GB/512GB - Moi 100%,Xiaomi,Xiaomi 14,8GB,512GB,42320000.0,42320000.0,Con hang,Moi 100%,CellphoneS,2026-06-11
PROD_CEL_100280,Dien thoai Oppo Find N3 Flip 12GB/512GB - Moi 100%,Oppo,Find N3 Flip,12GB,512GB,36970000.0,36970000.0,Con hang,Moi 100%,CellphoneS,2026-06-11
PROD_CEL_100281,Dien thoai Realme Realme 12 Rest 8GB/1TB - Moi 100%,Realme,Realme 12 Rest,8GB,1TB,41230000.0,39230000.0,Con hang,Moi 100%,CellphoneS,2026-06-11
PROD_CEL_100282,Dien thoai Apple iPhone 15 Pro Max 16GB/512GB - Moi 100%,Apple,iPhone 15 Pro Max,16GB,512GB,43200000.0,43200000.0,Con hang,Moi 100%,CellphoneS,2026-06-11
PROD_CEL_100283,Dien thoai Apple iPhone 14 Pro 16GB/256GB - Moi 100%,Apple,iPhone 14 Pro,16GB,256GB,35070000.0,34070000.0,Con hang,Moi 100%,CellphoneS,2026-06-11
PROD_CEL_100284,Dien thoai Samsung Galaxy Z Fold6 12GB/64GB - Moi 100%,Samsung,Galaxy Z Fold6,12GB,64GB,35800000.0,33800000.0,Con hang,Moi 100%,CellphoneS,2026-06-11
PROD_CEL_100285,Dien thoai Apple iPhone 15 Pro Max 4GB/64GB - Moi 100%,apple,iPhone 15 Pro Max,4GB,64GB,42790000.0,41790000.0,Con hang,Moi 100%,CellphoneS,2026-06-11
PROD_CEL_100286,Dien thoai Apple iPhone 13 16GB/512GB - Moi 100%,Apple,iPhone 13,16GB,512GB,41600000.0,40600000.0,Het hang,Moi 100%,CellphoneS,2026-06-11
PROD_CEL_100287,Dien thoai Apple iPhone 15 Pro Max 6GB/128GB - Moi 100%,Apple,iPhone 15 Pro Max,6GB,128GB,31240000.0,29240000.0,Con hang,Moi 100%,CellphoneS,2026-06-11
PROD_CEL_100288,Dien thoai Oppo Find N3 Flip 4GB/64GB - Moi 100%,Oppo,Find N3 Flip,4GB,64GB,33280000.0,32780000.0,Con hang,Moi 100%,CellphoneS,2026-06-11
PROD_CEL_100289,Dien thoai Realme Realme 12 Rest 12GB/64GB - Moi 100%,Realme,Realme 12 Rest,12GB,64GB,32580000.0,32580000.0,Con hang,Moi 100%,CellphoneS,2026-06-11
PROD_TGD_100290,Dien thoai Apple iPhone 13 8GB/128GB - Moi 100%,Apple,iPhone 13,8GB,128GB,31690000.0,31690000.0,Con hang,Moi 100%,TGDD,2026-06-11
PROD_CEL_100291,Dien thoai Xiaomi Xiaomi 14 4GB/1TB - Moi 100%,Xiaomi,Xiaomi 14,4GB,1TB,36670000.0,35670000.0,Con hang,Moi 100%,CellphoneS,2026-06-11
PROD_CEL_100292,Dien thoai Samsung Galaxy Z Fold6 8GB/512GB - Moi 100%,Samsung,Galaxy Z Fold6,8GB,512GB,43760000.0,41760000.0,Con hang,Moi 100%,CellphoneS,2026-06-11
PROD_TGD_100293,Dien thoai Realme Realme C65 4GB/128GB - Moi 100%,Realme,Realme C65,4GB,128GB,42490000.0,40490000.0,Con hang,Moi 100%,TGDD,2026-06-11
PROD_CEL_100294,Dien thoai Xiaomi Xiaomi 14 12GB/128GB - Moi 100%,Xiaomi,Xiaomi 14,12GB,128GB,40250000.0,39750000.0,Con hang,Moi 100%,CellphoneS,2026-06-11
PROD_TGD_100295,Dien thoai Xiaomi Xiaomi 14 4GB/1TB - Moi 100%,Xiaomi,Xiaomi 14,4GB,1TB,32830000.0,32330000.0,Het hang,Moi 100%,TGDD,2026-06-11
PROD_TGD_100296,Dien thoai Realme Realme C65 4GB/1TB - Moi 100%,Realme,Realme C65,4GB,1TB,30160000.0,28160000.0,Con hang,Moi 100%,TGDD,2026-06-11
PROD_TGD_100297,Dien thoai Vivo V30 5G 6GB/256GB - Moi 100%,Vivo,V30 5G,6GB,256GB,36270000.0,36270000.0,Con hang,Moi 100%,TGDD,2026-06-11
PROD_CEL_100298,Dien thoai Oppo Find N3 Flip 8GB/64GB - Hang trung bay,Oppo,Find N3 Flip,8GB,64GB,35000000.0,35000000.0,Con hang,Hang trung bay,CellphoneS,2026-06-11
PROD_TGD_100299,Dien thoai Apple iPhone 13 4GB/256GB - Moi 100%,Apple,iPhone 13,4GB,256GB,40280000.0,40280000.0,Het hang,Moi 100%,TGDD,2026-06-11
PROD_TGD_100300,Dien thoai Samsung Galaxy A55 4GB/64GB - Moi 100%,samsung,Galaxy A55,4GB,64GB,44450000.0,43450000.0,Con hang,Moi 100%,TGDD,2026-06-11
PROD_CEL_100301,Dien thoai Samsung Galaxy A55 4GB/1TB - Moi 100%,Samsung,Galaxy A55,4GB,1TB,43730000.0,41730000.0,Con hang,Moi 100%,CellphoneS,2026-06-11
PROD_TGD_100302,Dien thoai Oppo A78 16GB/64GB - Moi 100%,Oppo,A78,16GB,64GB,31890000.0,30890000.0,Con hang,Moi 100%,TGDD,2026-06-11
PROD_TGD_100303,Dien thoai Oppo Reno11 F 16GB/512GB - Moi 100%,Oppo,Reno11 F,16GB,512GB,39130000.0,38130000.0,Con hang,Moi 100%,TGDD,2026-06-11
PROD_TGD_100304,Dien thoai Realme Realme C65 8GB/256GB - Moi 100%,Realme,Realme C65,8GB,256GB,34960000.0,34460000.0,Con hang,Moi 100%,TGDD,2026-06-11
PROD_TGD_100305,Dien thoai Xiaomi Redmi Note 13 8GB/128GB - Moi 100%,Xiaomi,Redmi Note 13,8GB,128GB,39180000.0,37180000.0,Con hang,Moi 100%,TGDD,2026-06-11
PROD_TGD_100306,Dien thoai Xiaomi Poco X6 Pro 16GB/64GB - Moi 100%,Xiaomi,Poco X6 Pro,16GB,64GB,36550000.0,35550000.0,Con hang,Moi 100%,TGDD,2026-06-11
PROD_CEL_100307,Dien thoai Realme Realme C65 4GB/128GB - Moi 100%,Realme,Realme C65,4GB,128GB,40690000.0,39690000.0,Het hang,Moi 100%,CellphoneS,2026-06-11
PROD_TGD_100308,Dien thoai Realme Realme Note 50 4GB/128GB - Moi 100%,Realme,Realme Note 50,4GB,128GB,43160000.0,41160000.0,Con hang,Moi 100%,TGDD,2026-06-11
PROD_TGD_100309,Dien thoai Xiaomi Redmi Note 13 4GB/1TB - Moi 100%,Xiaomi,Redmi Note 13,4GB,1TB,37840000.0,37840000.0,Con hang,Moi 100%,TGDD,2026-06-11
PROD_TGD_100310,Dien thoai Xiaomi Redmi Note 13 12GB/128GB - Moi 100%,Xiaomi,Redmi Note 13,12GB,128GB,38790000.0,38790000.0,Het hang,Moi 100%,TGDD,2026-06-11
PROD_CEL_100311,Dien thoai Apple iPhone 15 Pro Max 12GB/64GB - Moi 100%,Apple,iPhone 15 Pro Max,12GB,64GB,35450000.0,35450000.0,Con hang,Moi 100%,CellphoneS,2026-06-11
PROD_CEL_100312,Dien thoai Xiaomi Xiaomi 14 8GB/64GB - Moi 100%,Xiaomi,Xiaomi 14,8GB,64GB,36020000.0,34020000.0,Con hang,Moi 100%,CellphoneS,2026-06-11
PROD_CEL_100313,Dien thoai Xiaomi Poco X6 Pro 12GB/512GB - Moi 100%,Xiaomi,Poco X6 Pro,12GB,512GB,31520000.0,30520000.0,Con hang,Moi 100%,CellphoneS,2026-06-11
PROD_CEL_100314,Dien thoai Xiaomi Redmi Note 13 16GB/128GB - Moi 100%,Xiaomi,Redmi Note 13,16GB,128GB,34560000.0,34560000.0,Con hang,Moi 100%,CellphoneS,2026-06-11
PROD_TGD_100315,Dien thoai Apple iPhone 15 Pro Max 12GB/1TB - Moi 100%,apple,iPhone 15 Pro Max,12GB,1TB,42390000.0,,Con hang,Moi 100%,TGDD,2026-06-11
PROD_TGD_100316,Dien thoai Vivo V30 5G 16GB/128GB - Moi 100%,Vivo,V30 5G,16GB,128GB,30400000.0,28400000.0,Con hang,Moi 100%,TGDD,2026-06-11
PROD_TGD_100317,Dien thoai Realme Realme 12 Rest 8GB/512GB - Moi 100%,Realme,Realme 12 Rest,8GB,512GB,33960000.0,33460000.0,Con hang,Moi 100%,TGDD,2026-06-11
PROD_CEL_100318,Dien thoai Samsung Galaxy S24 Ultra 12GB/256GB - Moi 100%,Samsung,Galaxy S24 Ultra,12GB,256GB,34850000.0,32850000.0,Con hang,Moi 100%,CellphoneS,2026-06-11
PROD_CEL_100319,Dien thoai Vivo X100 Pro 12GB/64GB - Hang trung bay,Vivo,X100 Pro,12GB,64GB,42170000.0,40170000.0,Con hang,Hang trung bay,CellphoneS,2026-06-11
PROD_TGD_100320,Dien thoai Samsung Galaxy A55 8GB/64GB - Moi 100%,Samsung,Galaxy A55,8GB,64GB,,43610000.0,Con hang,Moi 100%,TGDD,2026-06-11
PROD_TGD_100321,Dien thoai Xiaomi Xiaomi 14 12GB/128GB - Moi 100%,Xiaomi,Xiaomi 14,12GB,128GB,39760000.0,39760000.0,Con hang,Moi 100%,TGDD,2026-06-11
PROD_TGD_100322,Dien thoai Samsung Galaxy S24 Ultra 8GB/128GB - Moi 100%,Samsung,Galaxy S24 Ultra,8GB,128GB,31540000.0,31540000.0,Con hang,Moi 100%,TGDD,2026-06-11
PROD_CEL_100323,Dien thoai Apple iPhone 15 Pro Max 4GB/256GB - Moi 100%,Apple,iPhone 15 Pro Max,4GB,256GB,36900000.0,35900000.0,Con hang,Moi 100%,CellphoneS,2026-06-11
PROD_TGD_100324,Dien thoai Oppo Find N3 Flip 12GB/512GB - Moi 100%,Oppo,Find N3 Flip,12GB,512GB,40880000.0,40880000.0,Con hang,Moi 100%,TGDD,2026-06-11
PROD_CEL_100325,Dien thoai Samsung Galaxy S24 Ultra 12GB/64GB - Da kich hoat,Samsung,Galaxy S24 Ultra,12GB,64GB,41650000.0,39650000.0,Con hang,Da kich hoat,CellphoneS,2026-06-11
PROD_TGD_100326,Dien thoai Vivo Y100 12GB/64GB - Moi 100%,Vivo,Y100,12GB,64GB,40720000.0,40720000.0,Con hang,Moi 100%,TGDD,2026-06-11
PROD_CEL_100327,Dien thoai Oppo A78 12GB/128GB - Hang trung bay,Oppo,A78,12GB,128GB,41220000.0,40220000.0,Con hang,Hang trung bay,CellphoneS,2026-06-11
PROD_TGD_100328,Dien thoai Oppo Reno11 F 12GB/64GB - Moi 100%,Oppo,Reno11 F,12GB,64GB,40470000.0,40470000.0,Con hang,Moi 100%,TGDD,2026-06-11
PROD_CEL_100329,Dien thoai Samsung Galaxy A55 16GB/128GB - Moi 100%,Samsung,Galaxy A55,16GB,128GB,38410000.0,37910000.0,Con hang,Moi 100%,CellphoneS,2026-06-11
PROD_TGD_100330,Dien thoai Xiaomi Poco X6 Pro 4GB/256GB - Moi 100%,xiaomi,Poco X6 Pro,4GB,256GB,36030000.0,34030000.0,Con hang,Moi 100%,TGDD,2026-06-11
PROD_CEL_100331,Dien thoai Vivo X100 Pro 4GB/64GB - Moi 100%,Vivo,X100 Pro,4GB,64GB,42820000.0,40820000.0,Con hang,Moi 100%,CellphoneS,2026-06-11
PROD_TGD_100332,Dien thoai Oppo Reno11 F 8GB/512GB - Moi 100%,Oppo,Reno11 F,8GB,512GB,33320000.0,32820000.0,Con hang,Moi 100%,TGDD,2026-06-11
PROD_CEL_100333,Dien thoai Xiaomi Redmi Note 13 16GB/64GB - Moi 100%,Xiaomi,Redmi Note 13,16GB,64GB,43310000.0,43310000.0,Con hang,Moi 100%,CellphoneS,2026-06-11
PROD_CEL_100334,Dien thoai Oppo Find N3 Flip 12GB/256GB - Moi 100%,Oppo,Find N3 Flip,12GB,256GB,36650000.0,35650000.0,Con hang,Moi 100%,CellphoneS,2026-06-11
PROD_TGD_100335,Dien thoai Apple iPhone 13 12GB/1TB - Moi 100%,Apple,iPhone 13,12GB,1TB,34140000.0,34140000.0,Con hang,Moi 100%,TGDD,2026-06-11
PROD_TGD_100336,Dien thoai Xiaomi Redmi Note 13 8GB/256GB - Moi 100%,Xiaomi,Redmi Note 13,8GB,256GB,31710000.0,30710000.0,Con hang,Moi 100%,TGDD,2026-06-11
PROD_CEL_100337,Dien thoai Samsung Galaxy Z Fold6 4GB/128GB - Moi 100%,Samsung,Galaxy Z Fold6,4GB,128GB,43820000.0,42820000.0,Con hang,Moi 100%,CellphoneS,2026-06-11
PROD_CEL_100338,Dien thoai Xiaomi Xiaomi 14 4GB/64GB - Moi 100%,Xiaomi,Xiaomi 14,4GB,64GB,33520000.0,32520000.0,Con hang,Moi 100%,CellphoneS,2026-06-11
PROD_CEL_100339,Dien thoai Xiaomi Xiaomi 14 16GB/256GB - Moi 100%,Xiaomi,Xiaomi 14,16GB,256GB,44390000.0,42390000.0,Con hang,Moi 100%,CellphoneS,2026-06-11
PROD_TGD_100340,Dien thoai Apple iPhone 15 Pro Max 16GB/64GB - Moi 100%,Apple,iPhone 15 Pro Max,16GB,64GB,37530000.0,35530000.0,Con hang,Moi 100%,TGDD,2026-06-11
PROD_CEL_100341,Dien thoai Xiaomi Xiaomi 14 4GB/1TB - Moi 100%,Xiaomi,Xiaomi 14,4GB,1TB,30830000.0,28830000.0,Con hang,Moi 100%,CellphoneS,2026-06-11
PROD_CEL_100342,Dien thoai Oppo A78 6GB/64GB - Moi 100%,Oppo,A78,6GB,64GB,35840000.0,34840000.0,Con hang,Moi 100%,CellphoneS,2026-06-11
PROD_TGD_100343,Dien thoai Vivo X100 Pro 12GB/1TB - Moi 100%,Vivo,X100 Pro,12GB,1TB,36560000.0,35560000.0,Con hang,Moi 100%,TGDD,2026-06-11
PROD_CEL_100344,Dien thoai Realme Realme Note 50 12GB/64GB - Moi 100%,Realme,Realme Note 50,12GB,64GB,30840000.0,30840000.0,Con hang,Moi 100%,CellphoneS,2026-06-11
PROD_TGD_100345,Dien thoai Oppo Reno11 F 4GB/64GB - Moi 100%,oppo,Reno11 F,4GB,64GB,41550000.0,39550000.0,Con hang,Moi 100%,TGDD,2026-06-11
PROD_CEL_100346,Dien thoai Realme Realme C65 8GB/1TB - Moi 100%,Realme,Realme C65,8GB,1TB,37980000.0,35980000.0,Con hang,Moi 100%,CellphoneS,2026-06-11
PROD_TGD_100347,Dien thoai Apple iPhone 14 Pro 8GB/256GB - Moi 100%,Apple,iPhone 14 Pro,8GB,256GB,43900000.0,41900000.0,Con hang,Moi 100%,TGDD,2026-06-11
PROD_CEL_100348,Dien thoai Oppo Find N3 Flip 12GB/256GB - Da kich hoat,Oppo,Find N3 Flip,12GB,256GB,41810000.0,40810000.0,Con hang,Da kich hoat,CellphoneS,2026-06-11
PROD_TGD_100349,Dien thoai Vivo X100 Pro 4GB/512GB - Moi 100%,Vivo,X100 Pro,4GB,512GB,37850000.0,37850000.0,Con hang,Moi 100%,TGDD,2026-06-11
PROD_CEL_100350,Dien thoai Realme Realme C65 6GB/64GB - Moi 100%,Realme,Realme C65,6GB,64GB,44800000.0,44300000.0,Het hang,Moi 100%,CellphoneS,2026-06-11
PROD_CEL_100351,Dien thoai Apple iPhone 13 4GB/1TB - Moi 100%,Apple,iPhone 13,4GB,1TB,34330000.0,32330000.0,Con hang,Moi 100%,CellphoneS,2026-06-11
PROD_TGD_100352,Dien thoai Realme Realme 12 Rest 4GB/64GB - Moi 100%,Realme,Realme 12 Rest,4GB,64GB,41140000.0,39140000.0,Con hang,Moi 100%,TGDD,2026-06-11
PROD_CEL_100353,Dien thoai Oppo Reno11 F 4GB/64GB - Moi 100%,Oppo,Reno11 F,4GB,64GB,35080000.0,34080000.0,Con hang,Moi 100%,CellphoneS,2026-06-11
PROD_CEL_100354,Dien thoai Xiaomi Xiaomi 14 12GB/256GB - Moi 100%,Xiaomi,Xiaomi 14,12GB,256GB,32230000.0,31230000.0,Con hang,Moi 100%,CellphoneS,2026-06-11
PROD_CEL_100355,Dien thoai Oppo Reno11 F 4GB/128GB - Moi 100%,Oppo,Reno11 F,4GB,128GB,36400000.0,35400000.0,Con hang,Moi 100%,CellphoneS,2026-06-11
PROD_TGD_100356,Dien thoai Vivo V30 5G 4GB/128GB - Moi 100%,Vivo,V30 5G,4GB,128GB,41090000.0,41090000.0,Con hang,Moi 100%,TGDD,2026-06-11
PROD_TGD_100357,Dien thoai Samsung Galaxy Z Fold6 8GB/1TB - Moi 100%,Samsung,Galaxy Z Fold6,8GB,1TB,34830000.0,32830000.0,Con hang,Moi 100%,TGDD,2026-06-11
PROD_TGD_100358,Dien thoai Realme Realme C65 12GB/1TB - Moi 100%,Realme,Realme C65,12GB,1TB,43590000.0,43090000.0,Con hang,Moi 100%,TGDD,2026-06-11
PROD_CEL_100359,Dien thoai Oppo A78 4GB/512GB - Moi 100%,Oppo,A78,4GB,512GB,30940000.0,29940000.0,Con hang,Moi 100%,CellphoneS,2026-06-11
PROD_CEL_100360,Dien thoai Vivo X100 Pro 16GB/128GB - Da kich hoat,vivo,X100 Pro,16GB,128GB,41390000.0,,Con hang,Da kich hoat,CellphoneS,2026-06-11
PROD_TGD_100361,Dien thoai Vivo X100 Pro 6GB/64GB - Moi 100%,Vivo,X100 Pro,6GB,64GB,39820000.0,37820000.0,Het hang,Moi 100%,TGDD,2026-06-11
PROD_TGD_100362,Dien thoai Xiaomi Redmi Note 13 16GB/256GB - Moi 100%,Xiaomi,Redmi Note 13,16GB,256GB,33620000.0,32620000.0,Con hang,Moi 100%,TGDD,2026-06-11
PROD_TGD_100363,Dien thoai Realme Realme Note 50 6GB/512GB - Moi 100%,Realme,Realme Note 50,6GB,512GB,34590000.0,34590000.0,Con hang,Moi 100%,TGDD,2026-06-11
PROD_TGD_100364,Dien thoai Xiaomi Xiaomi 14 6GB/512GB - Moi 100%,Xiaomi,Xiaomi 14,6GB,512GB,44700000.0,44200000.0,Con hang,Moi 100%,TGDD,2026-06-11
PROD_TGD_100365,Dien thoai Xiaomi Xiaomi 14 8GB/1TB - Moi 100%,Xiaomi,Xiaomi 14,8GB,1TB,31090000.0,31090000.0,Con hang,Moi 100%,TGDD,2026-06-11
PROD_TGD_100366,Dien thoai Xiaomi Poco X6 Pro 8GB/128GB - Moi 100%,Xiaomi,Poco X6 Pro,8GB,128GB,36010000.0,35010000.0,Het hang,Moi 100%,TGDD,2026-06-11
PROD_TGD_100367,Dien thoai Xiaomi Poco X6 Pro 4GB/128GB - Moi 100%,Xiaomi,Poco X6 Pro,4GB,128GB,41360000.0,40360000.0,Con hang,Moi 100%,TGDD,2026-06-11
PROD_CEL_100368,Dien thoai Vivo Y100 16GB/64GB - Moi 100%,Vivo,Y100,16GB,64GB,30930000.0,29930000.0,Con hang,Moi 100%,CellphoneS,2026-06-11
PROD_TGD_100369,Dien thoai Xiaomi Xiaomi 14 12GB/64GB - Moi 100%,Xiaomi,Xiaomi 14,12GB,64GB,30360000.0,29860000.0,Con hang,Moi 100%,TGDD,2026-06-11
PROD_TGD_100370,Dien thoai Oppo Find N3 Flip 4GB/64GB - Moi 100%,Oppo,Find N3 Flip,4GB,64GB,34200000.0,33200000.0,Het hang,Moi 100%,TGDD,2026-06-11
PROD_TGD_100371,Dien thoai Apple iPhone 14 Pro 4GB/1TB - Moi 100%,Apple,iPhone 14 Pro,4GB,1TB,43360000.0,42360000.0,Con hang,Moi 100%,TGDD,2026-06-11
PROD_TGD_100372,Dien thoai Samsung Galaxy A55 16GB/64GB - Moi 100%,Samsung,Galaxy A55,16GB,64GB,41530000.0,40530000.0,Het hang,Moi 100%,TGDD,2026-06-11
PROD_CEL_100373,Dien thoai Samsung Galaxy Z Fold6 6GB/256GB - Moi 100%,Samsung,Galaxy Z Fold6,6GB,256GB,31280000.0,29280000.0,Con hang,Moi 100%,CellphoneS,2026-06-11
PROD_TGD_100374,Dien thoai Samsung Galaxy A55 4GB/512GB - Moi 100%,Samsung,Galaxy A55,4GB,512GB,31510000.0,30510000.0,Con hang,Moi 100%,TGDD,2026-06-11
PROD_CEL_100375,Dien thoai Vivo Y100 12GB/128GB - Moi 100%,vivo,Y100,12GB,128GB,42340000.0,41840000.0,Con hang,Moi 100%,CellphoneS,2026-06-11
PROD_CEL_100376,Dien thoai Apple iPhone 14 Pro 12GB/512GB - Moi 100%,Apple,iPhone 14 Pro,12GB,512GB,36740000.0,35740000.0,Het hang,Moi 100%,CellphoneS,2026-06-11
PROD_CEL_100377,Dien thoai Oppo Reno11 F 16GB/512GB - Moi 100%,Oppo,Reno11 F,16GB,512GB,41250000.0,40750000.0,Con hang,Moi 100%,CellphoneS,2026-06-11
PROD_TGD_100378,Dien thoai Apple iPhone 14 Pro 6GB/128GB - Moi 100%,Apple,iPhone 14 Pro,6GB,128GB,36180000.0,35180000.0,Con hang,Moi 100%,TGDD,2026-06-11
PROD_CEL_100379,Dien thoai Apple iPhone 13 8GB/128GB - Moi 100%,Apple,iPhone 13,8GB,128GB,30470000.0,30470000.0,Con hang,Moi 100%,CellphoneS,2026-06-11
PROD_CEL_100380,Dien thoai Oppo Find N3 Flip 6GB/64GB - Moi 100%,Oppo,Find N3 Flip,6GB,64GB,31200000.0,29200000.0,Con hang,Moi 100%,CellphoneS,2026-06-11
PROD_CEL_100381,Dien thoai Apple iPhone 14 Pro 4GB/256GB - Moi 100%,Apple,iPhone 14 Pro,4GB,256GB,40050000.0,39050000.0,Con hang,Moi 100%,CellphoneS,2026-06-11
PROD_TGD_100382,Dien thoai Realme Realme 12 Rest 8GB/512GB - Moi 100%,Realme,Realme 12 Rest,8GB,512GB,36480000.0,36480000.0,Het hang,Moi 100%,TGDD,2026-06-11
PROD_CEL_100383,Dien thoai Realme Realme 12 Rest 6GB/64GB - Moi 100%,Realme,Realme 12 Rest,6GB,64GB,40630000.0,38630000.0,Con hang,Moi 100%,CellphoneS,2026-06-11
PROD_CEL_100384,Dien thoai Realme Realme Note 50 12GB/512GB - Moi 100%,Realme,Realme Note 50,12GB,512GB,35820000.0,35320000.0,Con hang,Moi 100%,CellphoneS,2026-06-11
PROD_CEL_100385,Dien thoai Samsung Galaxy S24 Ultra 8GB/128GB - Moi 100%,Samsung,Galaxy S24 Ultra,8GB,128GB,43130000.0,41130000.0,Con hang,Moi 100%,CellphoneS,2026-06-11
PROD_CEL_100386,Dien thoai Samsung Galaxy Z Fold6 16GB/1TB - Moi 100%,Samsung,Galaxy Z Fold6,16GB,1TB,34810000.0,34810000.0,Con hang,Moi 100%,CellphoneS,2026-06-11
PROD_TGD_100387,Dien thoai Realme Realme C65 4GB/1TB - Moi 100%,Realme,Realme C65,4GB,1TB,42050000.0,42050000.0,Con hang,Moi 100%,TGDD,2026-06-11
PROD_TGD_100388,Dien thoai Realme Realme C65 6GB/256GB - Moi 100%,Realme,Realme C65,6GB,256GB,35810000.0,35810000.0,Con hang,Moi 100%,TGDD,2026-06-11
PROD_CEL_100389,Dien thoai Oppo A78 4GB/64GB - Moi 100%,Oppo,A78,4GB,64GB,37150000.0,36150000.0,Con hang,Moi 100%,CellphoneS,2026-06-11
PROD_TGD_100390,Dien thoai Apple iPhone 15 Pro Max 16GB/64GB - Moi 100%,apple,iPhone 15 Pro Max,16GB,64GB,30350000.0,29350000.0,Het hang,Moi 100%,TGDD,2026-06-11
PROD_CEL_100391,Dien thoai Samsung Galaxy A55 6GB/64GB - Moi 100%,Samsung,Galaxy A55,6GB,64GB,41830000.0,41830000.0,Con hang,Moi 100%,CellphoneS,2026-06-11
PROD_TGD_100392,Dien thoai Realme Realme 12 Rest 16GB/512GB - Moi 100%,Realme,Realme 12 Rest,16GB,512GB,31810000.0,31810000.0,Con hang,Moi 100%,TGDD,2026-06-11
PROD_CEL_100393,Dien thoai Oppo A78 6GB/1TB - Moi 100%,Oppo,A78,6GB,1TB,30440000.0,29440000.0,Het hang,Moi 100%,CellphoneS,2026-06-11
PROD_TGD_100394,Dien thoai Xiaomi Xiaomi 14 12GB/64GB - Moi 100%,Xiaomi,Xiaomi 14,12GB,64GB,37470000.0,37470000.0,Con hang,Moi 100%,TGDD,2026-06-11
PROD_TGD_100395,Dien thoai Samsung Galaxy Z Fold6 6GB/64GB - Moi 100%,Samsung,Galaxy Z Fold6,6GB,64GB,41700000.0,41200000.0,Het hang,Moi 100%,TGDD,2026-06-11
PROD_CEL_100396,Dien thoai Samsung Galaxy A55 8GB/64GB - Moi 100%,Samsung,Galaxy A55,8GB,64GB,33530000.0,33530000.0,Con hang,Moi 100%,CellphoneS,2026-06-11
PROD_CEL_100397,Dien thoai Realme Realme 12 Rest 4GB/64GB - Moi 100%,Realme,Realme 12 Rest,4GB,64GB,30690000.0,29690000.0,Con hang,Moi 100%,CellphoneS,2026-06-11
PROD_CEL_100398,Dien thoai Apple iPhone 15 Pro Max 8GB/256GB - Moi 100%,Apple,iPhone 15 Pro Max,8GB,256GB,40470000.0,38470000.0,Con hang,Moi 100%,CellphoneS,2026-06-11
PROD_CEL_100399,Dien thoai Xiaomi Poco X6 Pro 6GB/64GB - Moi 100%,Xiaomi,Poco X6 Pro,6GB,64GB,41450000.0,40950000.0,Het hang,Moi 100%,CellphoneS,2026-06-11
PROD_CEL_100400,Dien thoai Apple iPhone 14 Pro 6GB/128GB - Moi 100%,Apple,iPhone 14 Pro,6GB,128GB,,31500000.0,Con hang,Moi 100%,CellphoneS,2026-06-11
PROD_CEL_100401,Dien thoai Apple iPhone 15 Pro Max 8GB/512GB - Moi 100%,Apple,iPhone 15 Pro Max,8GB,512GB,30130000.0,30130000.0,Con hang,Moi 100%,CellphoneS,2026-06-11
PROD_TGD_100402,Dien thoai Vivo V30 5G 16GB/512GB - Da kich hoat,Vivo,V30 5G,16GB,512GB,31500000.0,31500000.0,Het hang,Da kich hoat,TGDD,2026-06-11
PROD_TGD_100403,Dien thoai Oppo Reno11 F 12GB/256GB - Moi 100%,Oppo,Reno11 F,12GB,256GB,34580000.0,32580000.0,Con hang,Moi 100%,TGDD,2026-06-11
PROD_CEL_100404,Dien thoai Samsung Galaxy A55 12GB/64GB - Moi 100%,Samsung,Galaxy A55,12GB,64GB,40800000.0,39800000.0,Con hang,Moi 100%,CellphoneS,2026-06-11
PROD_CEL_100405,Dien thoai Xiaomi Redmi Note 13 16GB/1TB - Moi 100%,xiaomi,Redmi Note 13,16GB,1TB,38550000.0,,Con hang,Moi 100%,CellphoneS,2026-06-11
PROD_TGD_100406,Dien thoai Samsung Galaxy A55 16GB/256GB - Moi 100%,Samsung,Galaxy A55,16GB,256GB,42770000.0,40770000.0,Con hang,Moi 100%,TGDD,2026-06-11
PROD_TGD_100407,Dien thoai Samsung Galaxy Z Fold6 16GB/64GB - Da kich hoat,Samsung,Galaxy Z Fold6,16GB,64GB,34570000.0,34570000.0,Con hang,Da kich hoat,TGDD,2026-06-11
PROD_CEL_100408,Dien thoai Realme Realme Note 50 16GB/1TB - Da kich hoat,Realme,Realme Note 50,16GB,1TB,40520000.0,39520000.0,Con hang,Da kich hoat,CellphoneS,2026-06-11
PROD_CEL_100409,Dien thoai Xiaomi Xiaomi 14 16GB/128GB - Moi 100%,Xiaomi,Xiaomi 14,16GB,128GB,36680000.0,35680000.0,Con hang,Moi 100%,CellphoneS,2026-06-11
PROD_TGD_100410,Dien thoai Oppo A78 8GB/64GB - Moi 100%,Oppo,A78,8GB,64GB,40770000.0,40770000.0,Het hang,Moi 100%,TGDD,2026-06-11
PROD_CEL_100411,Dien thoai Apple iPhone 13 4GB/128GB - Moi 100%,Apple,iPhone 13,4GB,128GB,44690000.0,44190000.0,Con hang,Moi 100%,CellphoneS,2026-06-11
PROD_TGD_100412,Dien thoai Realme Realme Note 50 6GB/256GB - Moi 100%,Realme,Realme Note 50,6GB,256GB,44720000.0,44220000.0,Con hang,Moi 100%,TGDD,2026-06-11
PROD_CEL_100413,Dien thoai Apple iPhone 13 12GB/128GB - Moi 100%,Apple,iPhone 13,12GB,128GB,37500000.0,35500000.0,Con hang,Moi 100%,CellphoneS,2026-06-11
PROD_CEL_100414,Dien thoai Vivo X100 Pro 4GB/256GB - Moi 100%,Vivo,X100 Pro,4GB,256GB,38610000.0,38110000.0,Con hang,Moi 100%,CellphoneS,2026-06-11
PROD_CEL_100415,Dien thoai Vivo X100 Pro 8GB/512GB - Hang trung bay,Vivo,X100 Pro,8GB,512GB,41380000.0,39380000.0,Con hang,Hang trung bay,CellphoneS,2026-06-11
PROD_CEL_100416,Dien thoai Xiaomi Xiaomi 14 16GB/1TB - Moi 100%,Xiaomi,Xiaomi 14,16GB,1TB,39890000.0,39390000.0,Con hang,Moi 100%,CellphoneS,2026-06-11
PROD_CEL_100417,Dien thoai Xiaomi Redmi Note 13 8GB/128GB - Moi 100%,Xiaomi,Redmi Note 13,8GB,128GB,42620000.0,40620000.0,Con hang,Moi 100%,CellphoneS,2026-06-11
PROD_CEL_100418,Dien thoai Xiaomi Poco X6 Pro 12GB/256GB - Moi 100%,Xiaomi,Poco X6 Pro,12GB,256GB,41600000.0,41600000.0,Con hang,Moi 100%,CellphoneS,2026-06-11
PROD_CEL_100419,Dien thoai Apple iPhone 15 Pro Max 4GB/128GB - Moi 100%,Apple,iPhone 15 Pro Max,4GB,128GB,33640000.0,31640000.0,Het hang,Moi 100%,CellphoneS,2026-06-11
PROD_CEL_100420,Dien thoai Realme Realme C65 16GB/64GB - Moi 100%,realme,Realme C65,16GB,64GB,31750000.0,31750000.0,Con hang,Moi 100%,CellphoneS,2026-06-11
PROD_TGD_100421,Dien thoai Realme Realme 12 Rest 16GB/1TB - Moi 100%,Realme,Realme 12 Rest,16GB,1TB,38370000.0,37870000.0,Con hang,Moi 100%,TGDD,2026-06-11
PROD_TGD_100422,Dien thoai Vivo Y100 16GB/512GB - Moi 100%,Vivo,Y100,16GB,512GB,43320000.0,42820000.0,Con hang,Moi 100%,TGDD,2026-06-11
PROD_TGD_100423,Dien thoai Samsung Galaxy Z Fold6 12GB/512GB - Moi 100%,Samsung,Galaxy Z Fold6,12GB,512GB,34000000.0,33500000.0,Con hang,Moi 100%,TGDD,2026-06-11
PROD_CEL_100424,Dien thoai Oppo Find N3 Flip 4GB/128GB - Moi 100%,Oppo,Find N3 Flip,4GB,128GB,32870000.0,31870000.0,Con hang,Moi 100%,CellphoneS,2026-06-11
PROD_TGD_100425,Dien thoai Realme Realme Note 50 4GB/1TB - Moi 100%,Realme,Realme Note 50,4GB,1TB,42950000.0,42950000.0,Con hang,Moi 100%,TGDD,2026-06-11
PROD_TGD_100426,Dien thoai Xiaomi Redmi Note 13 8GB/512GB - Moi 100%,Xiaomi,Redmi Note 13,8GB,512GB,38960000.0,36960000.0,Con hang,Moi 100%,TGDD,2026-06-11
PROD_CEL_100427,Dien thoai Apple iPhone 13 16GB/1TB - Moi 100%,Apple,iPhone 13,16GB,1TB,37260000.0,36760000.0,Con hang,Moi 100%,CellphoneS,2026-06-11
PROD_TGD_100428,Dien thoai Xiaomi Poco X6 Pro 16GB/64GB - Moi 100%,Xiaomi,Poco X6 Pro,16GB,64GB,44660000.0,42660000.0,Con hang,Moi 100%,TGDD,2026-06-11
PROD_TGD_100429,Dien thoai Apple iPhone 15 Pro Max 12GB/256GB - Moi 100%,Apple,iPhone 15 Pro Max,12GB,256GB,35730000.0,35730000.0,Con hang,Moi 100%,TGDD,2026-06-11
PROD_TGD_100430,Dien thoai Samsung Galaxy Z Fold6 16GB/128GB - Moi 100%,Samsung,Galaxy Z Fold6,16GB,128GB,40730000.0,40230000.0,Con hang,Moi 100%,TGDD,2026-06-11
PROD_CEL_100431,Dien thoai Vivo X100 Pro 16GB/64GB - Hang trung bay,Vivo,X100 Pro,16GB,64GB,35240000.0,33240000.0,Con hang,Hang trung bay,CellphoneS,2026-06-11
PROD_CEL_100432,Dien thoai Samsung Galaxy A55 12GB/512GB - Moi 100%,Samsung,Galaxy A55,12GB,512GB,39170000.0,38670000.0,Con hang,Moi 100%,CellphoneS,2026-06-11
PROD_CEL_100433,Dien thoai Vivo Y100 4GB/1TB - Moi 100%,Vivo,Y100,4GB,1TB,44610000.0,44110000.0,Het hang,Moi 100%,CellphoneS,2026-06-11
PROD_CEL_100434,Dien thoai Samsung Galaxy S24 Ultra 6GB/1TB - Moi 100%,Samsung,Galaxy S24 Ultra,6GB,1TB,42320000.0,41820000.0,Con hang,Moi 100%,CellphoneS,2026-06-11
PROD_TGD_100435,Dien thoai Apple iPhone 15 Pro Max 6GB/1TB - Moi 100%,apple,iPhone 15 Pro Max,6GB,1TB,31120000.0,31120000.0,Con hang,Moi 100%,TGDD,2026-06-11
PROD_TGD_100436,Dien thoai Apple iPhone 13 8GB/64GB - Moi 100%,Apple,iPhone 13,8GB,64GB,34450000.0,33450000.0,Con hang,Moi 100%,TGDD,2026-06-11
PROD_TGD_100437,Dien thoai Oppo A78 4GB/512GB - Moi 100%,Oppo,A78,4GB,512GB,38940000.0,36940000.0,Con hang,Moi 100%,TGDD,2026-06-11
PROD_CEL_100438,Dien thoai Apple iPhone 13 12GB/64GB - Moi 100%,Apple,iPhone 13,12GB,64GB,36940000.0,36940000.0,Con hang,Moi 100%,CellphoneS,2026-06-11
PROD_CEL_100439,Dien thoai Realme Realme 12 Rest 6GB/256GB - Moi 100%,Realme,Realme 12 Rest,6GB,256GB,30700000.0,30700000.0,Con hang,Moi 100%,CellphoneS,2026-06-11
PROD_CEL_100440,Dien thoai Xiaomi Poco X6 Pro 12GB/128GB - Moi 100%,Xiaomi,Poco X6 Pro,12GB,128GB,38050000.0,37050000.0,Con hang,Moi 100%,CellphoneS,2026-06-11
PROD_TGD_100441,Dien thoai Apple iPhone 13 6GB/256GB - Moi 100%,Apple,iPhone 13,6GB,256GB,34470000.0,33470000.0,Con hang,Moi 100%,TGDD,2026-06-11
PROD_TGD_100442,Dien thoai Apple iPhone 15 Pro Max 4GB/512GB - Moi 100%,Apple,iPhone 15 Pro Max,4GB,512GB,33170000.0,32170000.0,Con hang,Moi 100%,TGDD,2026-06-11
PROD_TGD_100443,Dien thoai Apple iPhone 13 6GB/256GB - Moi 100%,Apple,iPhone 13,6GB,256GB,34500000.0,32500000.0,Con hang,Moi 100%,TGDD,2026-06-11
PROD_CEL_100444,Dien thoai Apple iPhone 14 Pro 4GB/512GB - Moi 100%,Apple,iPhone 14 Pro,4GB,512GB,37220000.0,37220000.0,Con hang,Moi 100%,CellphoneS,2026-06-11
PROD_CEL_100445,Dien thoai Samsung Galaxy Z Fold6 16GB/1TB - Moi 100%,Samsung,Galaxy Z Fold6,16GB,1TB,42510000.0,40510000.0,Con hang,Moi 100%,CellphoneS,2026-06-11
PROD_CEL_100446,Dien thoai Samsung Galaxy A55 8GB/512GB - Moi 100%,Samsung,Galaxy A55,8GB,512GB,33010000.0,32010000.0,Con hang,Moi 100%,CellphoneS,2026-06-11
PROD_CEL_100447,Dien thoai Realme Realme 12 Rest 16GB/64GB - Moi 100%,Realme,Realme 12 Rest,16GB,64GB,42910000.0,40910000.0,Con hang,Moi 100%,CellphoneS,2026-06-11
PROD_TGD_100448,Dien thoai Samsung Galaxy A55 16GB/128GB - Hang trung bay,Samsung,Galaxy A55,16GB,128GB,44460000.0,44460000.0,Con hang,Hang trung bay,TGDD,2026-06-11
PROD_CEL_100449,Dien thoai Vivo V30 5G 12GB/1TB - Moi 100%,Vivo,V30 5G,12GB,1TB,38430000.0,37930000.0,Con hang,Moi 100%,CellphoneS,2026-06-11
PROD_CEL_100450,Dien thoai Xiaomi Xiaomi 14 6GB/128GB - Moi 100%,xiaomi,Xiaomi 14,6GB,128GB,35560000.0,,Con hang,Moi 100%,CellphoneS,2026-06-11
PROD_TGD_100451,Dien thoai Realme Realme Note 50 4GB/128GB - Moi 100%,Realme,Realme Note 50,4GB,128GB,36730000.0,36730000.0,Con hang,Moi 100%,TGDD,2026-06-11
PROD_TGD_100452,Dien thoai Vivo V30 5G 16GB/1TB - Moi 100%,Vivo,V30 5G,16GB,1TB,42420000.0,40420000.0,Con hang,Moi 100%,TGDD,2026-06-11
PROD_CEL_100453,Dien thoai Vivo V30 5G 4GB/512GB - Moi 100%,Vivo,V30 5G,4GB,512GB,40530000.0,40530000.0,Het hang,Moi 100%,CellphoneS,2026-06-11
PROD_CEL_100454,Dien thoai Samsung Galaxy A55 4GB/512GB - Moi 100%,Samsung,Galaxy A55,4GB,512GB,30590000.0,29590000.0,Con hang,Moi 100%,CellphoneS,2026-06-11
PROD_TGD_100455,Dien thoai Vivo X100 Pro 12GB/512GB - Moi 100%,Vivo,X100 Pro,12GB,512GB,41520000.0,41020000.0,Con hang,Moi 100%,TGDD,2026-06-11
PROD_CEL_100456,Dien thoai Realme Realme Note 50 12GB/128GB - Da kich hoat,Realme,Realme Note 50,12GB,128GB,42990000.0,42990000.0,Het hang,Da kich hoat,CellphoneS,2026-06-11
PROD_TGD_100457,Dien thoai Vivo X100 Pro 4GB/512GB - Moi 100%,Vivo,X100 Pro,4GB,512GB,38520000.0,37520000.0,Con hang,Moi 100%,TGDD,2026-06-11
PROD_CEL_100458,Dien thoai Vivo V30 5G 4GB/64GB - Moi 100%,Vivo,V30 5G,4GB,64GB,32180000.0,32180000.0,Con hang,Moi 100%,CellphoneS,2026-06-11
PROD_CEL_100459,Dien thoai Samsung Galaxy S24 Ultra 8GB/1TB - Moi 100%,Samsung,Galaxy S24 Ultra,8GB,1TB,40520000.0,38520000.0,Con hang,Moi 100%,CellphoneS,2026-06-11
PROD_CEL_100460,Dien thoai Oppo Find N3 Flip 8GB/64GB - Moi 100%,Oppo,Find N3 Flip,8GB,64GB,44160000.0,42160000.0,Con hang,Moi 100%,CellphoneS,2026-06-11
PROD_CEL_100461,Dien thoai Apple iPhone 15 Pro Max 8GB/512GB - Moi 100%,Apple,iPhone 15 Pro Max,8GB,512GB,40620000.0,38620000.0,Con hang,Moi 100%,CellphoneS,2026-06-11
PROD_TGD_100462,Dien thoai Xiaomi Poco X6 Pro 16GB/64GB - Moi 100%,Xiaomi,Poco X6 Pro,16GB,64GB,35300000.0,34300000.0,Con hang,Moi 100%,TGDD,2026-06-11
PROD_CEL_100463,Dien thoai Apple iPhone 15 Pro Max 8GB/128GB - Moi 100%,Apple,iPhone 15 Pro Max,8GB,128GB,41660000.0,40660000.0,Con hang,Moi 100%,CellphoneS,2026-06-11
PROD_CEL_100464,Dien thoai Samsung Galaxy S24 Ultra 12GB/1TB - Moi 100%,Samsung,Galaxy S24 Ultra,12GB,1TB,33750000.0,33750000.0,Con hang,Moi 100%,CellphoneS,2026-06-11
PROD_CEL_100465,Dien thoai Oppo Reno11 F 8GB/128GB - Hang trung bay,oppo,Reno11 F,8GB,128GB,35740000.0,35240000.0,Con hang,Hang trung bay,CellphoneS,2026-06-11
PROD_TGD_100466,Dien thoai Xiaomi Xiaomi 14 6GB/1TB - Moi 100%,Xiaomi,Xiaomi 14,6GB,1TB,34380000.0,32380000.0,Con hang,Moi 100%,TGDD,2026-06-11
PROD_TGD_100467,Dien thoai Samsung Galaxy Z Fold6 4GB/1TB - Moi 100%,Samsung,Galaxy Z Fold6,4GB,1TB,37920000.0,36920000.0,Het hang,Moi 100%,TGDD,2026-06-11
PROD_TGD_100468,Dien thoai Apple iPhone 13 4GB/1TB - Moi 100%,Apple,iPhone 13,4GB,1TB,33070000.0,31070000.0,Con hang,Moi 100%,TGDD,2026-06-11
PROD_TGD_100469,Dien thoai Samsung Galaxy A55 4GB/128GB - Moi 100%,Samsung,Galaxy A55,4GB,128GB,30380000.0,29880000.0,Con hang,Moi 100%,TGDD,2026-06-11
PROD_CEL_100470,Dien thoai Realme Realme 12 Rest 16GB/256GB - Moi 100%,Realme,Realme 12 Rest,16GB,256GB,37400000.0,37400000.0,Con hang,Moi 100%,CellphoneS,2026-06-11
PROD_CEL_100471,Dien thoai Xiaomi Xiaomi 14 6GB/1TB - Hang trung bay,Xiaomi,Xiaomi 14,6GB,1TB,39660000.0,38660000.0,Het hang,Hang trung bay,CellphoneS,2026-06-11
PROD_TGD_100472,Dien thoai Samsung Galaxy A55 12GB/64GB - Da kich hoat,Samsung,Galaxy A55,12GB,64GB,35010000.0,34010000.0,Con hang,Da kich hoat,TGDD,2026-06-11
PROD_TGD_100473,Dien thoai Realme Realme Note 50 6GB/512GB - Moi 100%,Realme,Realme Note 50,6GB,512GB,32760000.0,32260000.0,Con hang,Moi 100%,TGDD,2026-06-11
PROD_CEL_100474,Dien thoai Xiaomi Redmi Note 13 12GB/256GB - Hang trung bay,Xiaomi,Redmi Note 13,12GB,256GB,30880000.0,30380000.0,Con hang,Hang trung bay,CellphoneS,2026-06-11
PROD_TGD_100475,Dien thoai Vivo X100 Pro 8GB/128GB - Moi 100%,Vivo,X100 Pro,8GB,128GB,41740000.0,40740000.0,Con hang,Moi 100%,TGDD,2026-06-11
PROD_TGD_100476,Dien thoai Realme Realme 12 Rest 8GB/128GB - Moi 100%,Realme,Realme 12 Rest,8GB,128GB,31370000.0,30870000.0,Con hang,Moi 100%,TGDD,2026-06-11
PROD_CEL_100477,Dien thoai Oppo Find N3 Flip 4GB/256GB - Moi 100%,Oppo,Find N3 Flip,4GB,256GB,35810000.0,34810000.0,Con hang,Moi 100%,CellphoneS,2026-06-11
PROD_CEL_100478,Dien thoai Xiaomi Poco X6 Pro 4GB/128GB - Moi 100%,Xiaomi,Poco X6 Pro,4GB,128GB,40470000.0,38470000.0,Con hang,Moi 100%,CellphoneS,2026-06-11
PROD_CEL_100479,Dien thoai Xiaomi Poco X6 Pro 6GB/256GB - Moi 100%,Xiaomi,Poco X6 Pro,6GB,256GB,42660000.0,41660000.0,Con hang,Moi 100%,CellphoneS,2026-06-11
PROD_TGD_100480,Dien thoai Vivo Y100 6GB/512GB - Moi 100%,vivo,Y100,6GB,512GB,,42910000.0,Con hang,Moi 100%,TGDD,2026-06-11
PROD_TGD_100481,Dien thoai Apple iPhone 14 Pro 12GB/128GB - Moi 100%,Apple,iPhone 14 Pro,12GB,128GB,32640000.0,30640000.0,Con hang,Moi 100%,TGDD,2026-06-11
PROD_CEL_100482,Dien thoai Apple iPhone 15 Pro Max 4GB/256GB - Moi 100%,Apple,iPhone 15 Pro Max,4GB,256GB,36560000.0,35560000.0,Con hang,Moi 100%,CellphoneS,2026-06-11
PROD_CEL_100483,Dien thoai Oppo Find N3 Flip 12GB/128GB - Moi 100%,Oppo,Find N3 Flip,12GB,128GB,41980000.0,39980000.0,Con hang,Moi 100%,CellphoneS,2026-06-11
PROD_CEL_100484,Dien thoai Apple iPhone 14 Pro 12GB/1TB - Da kich hoat,Apple,iPhone 14 Pro,12GB,1TB,37440000.0,36940000.0,Con hang,Da kich hoat,CellphoneS,2026-06-11
PROD_TGD_100485,Dien thoai Realme Realme C65 4GB/1TB - Moi 100%,Realme,Realme C65,4GB,1TB,42850000.0,42350000.0,Con hang,Moi 100%,TGDD,2026-06-11
PROD_CEL_100486,Dien thoai Samsung Galaxy A55 16GB/64GB - Moi 100%,Samsung,Galaxy A55,16GB,64GB,39530000.0,37530000.0,Het hang,Moi 100%,CellphoneS,2026-06-11
PROD_TGD_100487,Dien thoai Realme Realme C65 8GB/128GB - Moi 100%,Realme,Realme C65,8GB,128GB,39140000.0,38140000.0,Het hang,Moi 100%,TGDD,2026-06-11
PROD_TGD_100488,Dien thoai Vivo V30 5G 16GB/256GB - Moi 100%,Vivo,V30 5G,16GB,256GB,42610000.0,41610000.0,Con hang,Moi 100%,TGDD,2026-06-11
PROD_TGD_100489,Dien thoai Vivo Y100 12GB/256GB - Moi 100%,Vivo,Y100,12GB,256GB,31450000.0,31450000.0,Con hang,Moi 100%,TGDD,2026-06-11
PROD_CEL_100490,Dien thoai Vivo Y100 12GB/128GB - Moi 100%,Vivo,Y100,12GB,128GB,44520000.0,43520000.0,Het hang,Moi 100%,CellphoneS,2026-06-11
PROD_CEL_100491,Dien thoai Vivo V30 5G 8GB/512GB - Moi 100%,Vivo,V30 5G,8GB,512GB,39380000.0,39380000.0,Con hang,Moi 100%,CellphoneS,2026-06-11
PROD_TGD_100492,Dien thoai Realme Realme 12 Rest 6GB/128GB - Moi 100%,Realme,Realme 12 Rest,6GB,128GB,33920000.0,31920000.0,Con hang,Moi 100%,TGDD,2026-06-11
PROD_CEL_100493,Dien thoai Vivo V30 5G 8GB/512GB - Moi 100%,Vivo,V30 5G,8GB,512GB,36970000.0,36470000.0,Con hang,Moi 100%,CellphoneS,2026-06-11
PROD_CEL_100494,Dien thoai Xiaomi Xiaomi 14 12GB/64GB - Moi 100%,Xiaomi,Xiaomi 14,12GB,64GB,31560000.0,29560000.0,Con hang,Moi 100%,CellphoneS,2026-06-11
PROD_CEL_100495,Dien thoai Oppo A78 16GB/1TB - Moi 100%,oppo,A78,16GB,1TB,30180000.0,,Con hang,Moi 100%,CellphoneS,2026-06-11
PROD_TGD_100496,Dien thoai Oppo Reno11 F 12GB/256GB - Moi 100%,Oppo,Reno11 F,12GB,256GB,30260000.0,29760000.0,Con hang,Moi 100%,TGDD,2026-06-11
PROD_CEL_100497,Dien thoai Xiaomi Xiaomi 14 12GB/128GB - Moi 100%,Xiaomi,Xiaomi 14,12GB,128GB,32580000.0,30580000.0,Con hang,Moi 100%,CellphoneS,2026-06-11
PROD_CEL_100498,Dien thoai Xiaomi Poco X6 Pro 6GB/64GB - Moi 100%,Xiaomi,Poco X6 Pro,6GB,64GB,32170000.0,32170000.0,Con hang,Moi 100%,CellphoneS,2026-06-11
PROD_CEL_100499,Dien thoai Apple iPhone 13 4GB/512GB - Moi 100%,Apple,iPhone 13,4GB,512GB,30960000.0,29960000.0,Con hang,Moi 100%,CellphoneS,2026-06-11
PROD_TGD_100500,Dien thoai Apple iPhone 14 Pro 16GB/64GB - Moi 100%,Apple,iPhone 14 Pro,16GB,64GB,38370000.0,37870000.0,Con hang,Moi 100%,TGDD,2026-06-11
PROD_CEL_100501,Dien thoai Apple iPhone 15 Pro Max 16GB/512GB - Moi 100%,Apple,iPhone 15 Pro Max,16GB,512GB,44720000.0,44220000.0,Con hang,Moi 100%,CellphoneS,2026-06-11
PROD_CEL_100502,Dien thoai Samsung Galaxy A55 4GB/512GB - Moi 100%,Samsung,Galaxy A55,4GB,512GB,41620000.0,40620000.0,Con hang,Moi 100%,CellphoneS,2026-06-11
PROD_TGD_100503,Dien thoai Samsung Galaxy A55 12GB/1TB - Da kich hoat,Samsung,Galaxy A55,12GB,1TB,43440000.0,43440000.0,Con hang,Da kich hoat,TGDD,2026-06-11
PROD_TGD_100504,Dien thoai Vivo V30 5G 4GB/512GB - Moi 100%,Vivo,V30 5G,4GB,512GB,40540000.0,39540000.0,Con hang,Moi 100%,TGDD,2026-06-11
PROD_CEL_100505,Dien thoai Samsung Galaxy A55 16GB/64GB - Moi 100%,Samsung,Galaxy A55,16GB,64GB,42520000.0,41520000.0,Con hang,Moi 100%,CellphoneS,2026-06-11
PROD_TGD_100506,Dien thoai Apple iPhone 13 16GB/64GB - Moi 100%,Apple,iPhone 13,16GB,64GB,34550000.0,32550000.0,Con hang,Moi 100%,TGDD,2026-06-11
PROD_CEL_100507,Dien thoai Realme Realme 12 Rest 8GB/256GB - Moi 100%,Realme,Realme 12 Rest,8GB,256GB,33000000.0,32500000.0,Het hang,Moi 100%,CellphoneS,2026-06-11
PROD_TGD_100508,Dien thoai Apple iPhone 15 Pro Max 6GB/512GB - Moi 100%,Apple,iPhone 15 Pro Max,6GB,512GB,42470000.0,40470000.0,Con hang,Moi 100%,TGDD,2026-06-11
PROD_TGD_100509,Dien thoai Xiaomi Xiaomi 14 6GB/1TB - Moi 100%,Xiaomi,Xiaomi 14,6GB,1TB,39040000.0,39040000.0,Con hang,Moi 100%,TGDD,2026-06-11
PROD_CEL_100510,Dien thoai Oppo Find N3 Flip 8GB/512GB - Moi 100%,oppo,Find N3 Flip,8GB,512GB,42220000.0,40220000.0,Con hang,Moi 100%,CellphoneS,2026-06-11
PROD_TGD_100511,Dien thoai Samsung Galaxy S24 Ultra 12GB/256GB - Moi 100%,Samsung,Galaxy S24 Ultra,12GB,256GB,37870000.0,37370000.0,Con hang,Moi 100%,TGDD,2026-06-11
PROD_CEL_100512,Dien thoai Vivo V30 5G 16GB/128GB - Moi 100%,Vivo,V30 5G,16GB,128GB,31550000.0,30550000.0,Con hang,Moi 100%,CellphoneS,2026-06-11
PROD_CEL_100513,Dien thoai Xiaomi Poco X6 Pro 12GB/64GB - Moi 100%,Xiaomi,Poco X6 Pro,12GB,64GB,39020000.0,39020000.0,Con hang,Moi 100%,CellphoneS,2026-06-11
PROD_CEL_100514,Dien thoai Oppo A78 12GB/128GB - Moi 100%,Oppo,A78,12GB,128GB,30790000.0,30290000.0,Con hang,Moi 100%,CellphoneS,2026-06-11
PROD_TGD_100515,Dien thoai Apple iPhone 13 6GB/64GB - Moi 100%,Apple,iPhone 13,6GB,64GB,40200000.0,39700000.0,Con hang,Moi 100%,TGDD,2026-06-11
PROD_TGD_100516,Dien thoai Xiaomi Xiaomi 14 8GB/512GB - Hang trung bay,Xiaomi,Xiaomi 14,8GB,512GB,43940000.0,42940000.0,Con hang,Hang trung bay,TGDD,2026-06-11
PROD_CEL_100517,Dien thoai Vivo Y100 12GB/512GB - Moi 100%,Vivo,Y100,12GB,512GB,43270000.0,42770000.0,Con hang,Moi 100%,CellphoneS,2026-06-11
PROD_CEL_100518,Dien thoai Oppo Reno11 F 8GB/256GB - Moi 100%,Oppo,Reno11 F,8GB,256GB,36470000.0,35470000.0,Con hang,Moi 100%,CellphoneS,2026-06-11
PROD_TGD_100519,Dien thoai Xiaomi Xiaomi 14 4GB/64GB - Moi 100%,Xiaomi,Xiaomi 14,4GB,64GB,39130000.0,39130000.0,Con hang,Moi 100%,TGDD,2026-06-11
PROD_CEL_100520,Dien thoai Xiaomi Redmi Note 13 8GB/128GB - Moi 100%,Xiaomi,Redmi Note 13,8GB,128GB,36190000.0,35690000.0,Con hang,Moi 100%,CellphoneS,2026-06-11
PROD_CEL_100521,Dien thoai Apple iPhone 14 Pro 16GB/128GB - Moi 100%,Apple,iPhone 14 Pro,16GB,128GB,41080000.0,40580000.0,Con hang,Moi 100%,CellphoneS,2026-06-11
PROD_CEL_100522,Dien thoai Vivo V30 5G 16GB/512GB - Moi 100%,Vivo,V30 5G,16GB,512GB,32220000.0,30220000.0,Con hang,Moi 100%,CellphoneS,2026-06-11
PROD_TGD_100523,Dien thoai Oppo A78 6GB/256GB - Hang trung bay,Oppo,A78,6GB,256GB,36020000.0,35520000.0,Con hang,Hang trung bay,TGDD,2026-06-11
PROD_CEL_100524,Dien thoai Samsung Galaxy A55 16GB/256GB - Moi 100%,Samsung,Galaxy A55,16GB,256GB,36080000.0,34080000.0,Con hang,Moi 100%,CellphoneS,2026-06-11
PROD_TGD_100525,Dien thoai Samsung Galaxy Z Fold6 16GB/1TB - Moi 100%,samsung,Galaxy Z Fold6,16GB,1TB,34790000.0,33790000.0,Con hang,Moi 100%,TGDD,2026-06-11
PROD_TGD_100526,Dien thoai Xiaomi Poco X6 Pro 4GB/256GB - Moi 100%,Xiaomi,Poco X6 Pro,4GB,256GB,31710000.0,30710000.0,Con hang,Moi 100%,TGDD,2026-06-11
PROD_CEL_100527,Dien thoai Samsung Galaxy A55 12GB/64GB - Moi 100%,Samsung,Galaxy A55,12GB,64GB,34580000.0,34080000.0,Con hang,Moi 100%,CellphoneS,2026-06-11
PROD_CEL_100528,Dien thoai Realme Realme Note 50 8GB/128GB - Moi 100%,Realme,Realme Note 50,8GB,128GB,37500000.0,35500000.0,Con hang,Moi 100%,CellphoneS,2026-06-11
PROD_TGD_100529,Dien thoai Vivo V30 5G 6GB/1TB - Moi 100%,Vivo,V30 5G,6GB,1TB,36020000.0,35020000.0,Con hang,Moi 100%,TGDD,2026-06-11
PROD_CEL_100530,Dien thoai Xiaomi Xiaomi 14 8GB/1TB - Moi 100%,Xiaomi,Xiaomi 14,8GB,1TB,37130000.0,36130000.0,Con hang,Moi 100%,CellphoneS,2026-06-11
PROD_CEL_100531,Dien thoai Vivo V30 5G 4GB/256GB - Moi 100%,Vivo,V30 5G,4GB,256GB,34900000.0,34400000.0,Con hang,Moi 100%,CellphoneS,2026-06-11
PROD_CEL_100532,Dien thoai Vivo X100 Pro 8GB/64GB - Moi 100%,Vivo,X100 Pro,8GB,64GB,31330000.0,29330000.0,Het hang,Moi 100%,CellphoneS,2026-06-11
PROD_CEL_100533,Dien thoai Apple iPhone 14 Pro 6GB/1TB - Moi 100%,Apple,iPhone 14 Pro,6GB,1TB,32580000.0,31580000.0,Con hang,Moi 100%,CellphoneS,2026-06-11
PROD_TGD_100534,Dien thoai Samsung Galaxy A55 4GB/64GB - Moi 100%,Samsung,Galaxy A55,4GB,64GB,44460000.0,43960000.0,Con hang,Moi 100%,TGDD,2026-06-11
PROD_CEL_100535,Dien thoai Apple iPhone 13 8GB/64GB - Moi 100%,Apple,iPhone 13,8GB,64GB,43520000.0,41520000.0,Con hang,Moi 100%,CellphoneS,2026-06-11
PROD_TGD_100536,Dien thoai Realme Realme 12 Rest 4GB/1TB - Moi 100%,Realme,Realme 12 Rest,4GB,1TB,30040000.0,30040000.0,Con hang,Moi 100%,TGDD,2026-06-11
PROD_CEL_100537,Dien thoai Vivo V30 5G 6GB/512GB - Moi 100%,Vivo,V30 5G,6GB,512GB,41280000.0,40780000.0,Het hang,Moi 100%,CellphoneS,2026-06-11
PROD_TGD_100538,Dien thoai Xiaomi Redmi Note 13 8GB/128GB - Moi 100%,Xiaomi,Redmi Note 13,8GB,128GB,33500000.0,32500000.0,Con hang,Moi 100%,TGDD,2026-06-11
PROD_CEL_100539,Dien thoai Realme Realme C65 12GB/512GB - Moi 100%,Realme,Realme C65,12GB,512GB,37510000.0,36510000.0,Con hang,Moi 100%,CellphoneS,2026-06-11
PROD_CEL_100540,Dien thoai Vivo X100 Pro 16GB/1TB - Hang trung bay,vivo,X100 Pro,16GB,1TB,32680000.0,,Con hang,Hang trung bay,CellphoneS,2026-06-11
PROD_CEL_100541,Dien thoai Realme Realme Note 50 4GB/128GB - Hang trung bay,Realme,Realme Note 50,4GB,128GB,41450000.0,41450000.0,Con hang,Hang trung bay,CellphoneS,2026-06-11
PROD_CEL_100542,Dien thoai Samsung Galaxy A55 6GB/128GB - Moi 100%,Samsung,Galaxy A55,6GB,128GB,41510000.0,40510000.0,Con hang,Moi 100%,CellphoneS,2026-06-11
PROD_CEL_100543,Dien thoai Realme Realme Note 50 16GB/128GB - Moi 100%,Realme,Realme Note 50,16GB,128GB,30730000.0,28730000.0,Het hang,Moi 100%,CellphoneS,2026-06-11
PROD_TGD_100544,Dien thoai Vivo X100 Pro 16GB/512GB - Moi 100%,Vivo,X100 Pro,16GB,512GB,34640000.0,34140000.0,Con hang,Moi 100%,TGDD,2026-06-11
PROD_CEL_100545,Dien thoai Oppo Reno11 F 8GB/128GB - Moi 100%,Oppo,Reno11 F,8GB,128GB,35770000.0,33770000.0,Con hang,Moi 100%,CellphoneS,2026-06-11
PROD_TGD_100546,Dien thoai Samsung Galaxy A55 4GB/256GB - Moi 100%,Samsung,Galaxy A55,4GB,256GB,33960000.0,31960000.0,Con hang,Moi 100%,TGDD,2026-06-11
PROD_TGD_100547,Dien thoai Oppo Reno11 F 16GB/512GB - Moi 100%,Oppo,Reno11 F,16GB,512GB,30520000.0,28520000.0,Con hang,Moi 100%,TGDD,2026-06-11
PROD_TGD_100548,Dien thoai Xiaomi Poco X6 Pro 6GB/512GB - Moi 100%,Xiaomi,Poco X6 Pro,6GB,512GB,39240000.0,38740000.0,Het hang,Moi 100%,TGDD,2026-06-11
PROD_CEL_100549,Dien thoai Samsung Galaxy A55 6GB/512GB - Moi 100%,Samsung,Galaxy A55,6GB,512GB,32940000.0,30940000.0,Con hang,Moi 100%,CellphoneS,2026-06-11
PROD_TGD_100550,Dien thoai Samsung Galaxy S24 Ultra 16GB/128GB - Moi 100%,Samsung,Galaxy S24 Ultra,16GB,128GB,43100000.0,43100000.0,Con hang,Moi 100%,TGDD,2026-06-11
PROD_CEL_100551,Dien thoai Oppo Find N3 Flip 16GB/128GB - Moi 100%,Oppo,Find N3 Flip,16GB,128GB,32900000.0,30900000.0,Con hang,Moi 100%,CellphoneS,2026-06-11
PROD_CEL_100552,Dien thoai Xiaomi Redmi Note 13 8GB/128GB - Moi 100%,Xiaomi,Redmi Note 13,8GB,128GB,39470000.0,38970000.0,Con hang,Moi 100%,CellphoneS,2026-06-11
PROD_CEL_100553,Dien thoai Vivo X100 Pro 16GB/128GB - Moi 100%,Vivo,X100 Pro,16GB,128GB,35310000.0,34310000.0,Het hang,Moi 100%,CellphoneS,2026-06-11
PROD_TGD_100554,Dien thoai Samsung Galaxy Z Fold6 12GB/128GB - Moi 100%,Samsung,Galaxy Z Fold6,12GB,128GB,33500000.0,33500000.0,Con hang,Moi 100%,TGDD,2026-06-11
PROD_CEL_100555,Dien thoai Xiaomi Poco X6 Pro 6GB/64GB - Moi 100%,xiaomi,Poco X6 Pro,6GB,64GB,30960000.0,28960000.0,Con hang,Moi 100%,CellphoneS,2026-06-11
PROD_TGD_100556,Dien thoai Xiaomi Poco X6 Pro 8GB/1TB - Moi 100%,Xiaomi,Poco X6 Pro,8GB,1TB,41590000.0,39590000.0,Con hang,Moi 100%,TGDD,2026-06-11
PROD_CEL_100557,Dien thoai Samsung Galaxy Z Fold6 6GB/128GB - Moi 100%,Samsung,Galaxy Z Fold6,6GB,128GB,44710000.0,42710000.0,Con hang,Moi 100%,CellphoneS,2026-06-11
PROD_TGD_100558,Dien thoai Samsung Galaxy S24 Ultra 16GB/256GB - Hang trung bay,Samsung,Galaxy S24 Ultra,16GB,256GB,32980000.0,32480000.0,Het hang,Hang trung bay,TGDD,2026-06-11
PROD_TGD_100559,Dien thoai Apple iPhone 13 8GB/64GB - Moi 100%,Apple,iPhone 13,8GB,64GB,42420000.0,40420000.0,Con hang,Moi 100%,TGDD,2026-06-11
PROD_TGD_100560,Dien thoai Realme Realme C65 12GB/64GB - Moi 100%,Realme,Realme C65,12GB,64GB,,44710000.0,Con hang,Moi 100%,TGDD,2026-06-11
PROD_TGD_100561,Dien thoai Oppo Reno11 F 8GB/512GB - Moi 100%,Oppo,Reno11 F,8GB,512GB,42060000.0,40060000.0,Con hang,Moi 100%,TGDD,2026-06-11
PROD_TGD_100562,Dien thoai Apple iPhone 14 Pro 8GB/1TB - Moi 100%,Apple,iPhone 14 Pro,8GB,1TB,38800000.0,38300000.0,Con hang,Moi 100%,TGDD,2026-06-11
PROD_CEL_100563,Dien thoai Samsung Galaxy A55 8GB/256GB - Moi 100%,Samsung,Galaxy A55,8GB,256GB,40900000.0,40900000.0,Con hang,Moi 100%,CellphoneS,2026-06-11
PROD_TGD_100564,Dien thoai Xiaomi Redmi Note 13 6GB/128GB - Moi 100%,Xiaomi,Redmi Note 13,6GB,128GB,39240000.0,38740000.0,Con hang,Moi 100%,TGDD,2026-06-11
PROD_TGD_100565,Dien thoai Realme Realme C65 4GB/1TB - Moi 100%,Realme,Realme C65,4GB,1TB,34490000.0,32490000.0,Con hang,Moi 100%,TGDD,2026-06-11
PROD_CEL_100566,Dien thoai Oppo Reno11 F 6GB/1TB - Moi 100%,Oppo,Reno11 F,6GB,1TB,35900000.0,35900000.0,Con hang,Moi 100%,CellphoneS,2026-06-11
PROD_TGD_100567,Dien thoai Xiaomi Poco X6 Pro 6GB/1TB - Moi 100%,Xiaomi,Poco X6 Pro,6GB,1TB,34860000.0,34360000.0,Con hang,Moi 100%,TGDD,2026-06-11
PROD_TGD_100568,Dien thoai Apple iPhone 14 Pro 4GB/256GB - Moi 100%,Apple,iPhone 14 Pro,4GB,256GB,38030000.0,36030000.0,Con hang,Moi 100%,TGDD,2026-06-11
PROD_CEL_100569,Dien thoai Realme Realme 12 Rest 8GB/256GB - Moi 100%,Realme,Realme 12 Rest,8GB,256GB,32970000.0,32470000.0,Con hang,Moi 100%,CellphoneS,2026-06-11
PROD_CEL_100570,Dien thoai Apple iPhone 13 16GB/128GB - Moi 100%,apple,iPhone 13,16GB,128GB,42880000.0,42380000.0,Het hang,Moi 100%,CellphoneS,2026-06-11
PROD_CEL_100571,Dien thoai Xiaomi Poco X6 Pro 16GB/512GB - Moi 100%,Xiaomi,Poco X6 Pro,16GB,512GB,36640000.0,36140000.0,Con hang,Moi 100%,CellphoneS,2026-06-11
PROD_CEL_100572,Dien thoai Oppo A78 12GB/128GB - Moi 100%,Oppo,A78,12GB,128GB,37320000.0,36820000.0,Con hang,Moi 100%,CellphoneS,2026-06-11
PROD_TGD_100573,Dien thoai Xiaomi Poco X6 Pro 8GB/256GB - Moi 100%,Xiaomi,Poco X6 Pro,8GB,256GB,39320000.0,38820000.0,Con hang,Moi 100%,TGDD,2026-06-11
PROD_TGD_100574,Dien thoai Oppo A78 4GB/1TB - Moi 100%,Oppo,A78,4GB,1TB,42790000.0,41790000.0,Con hang,Moi 100%,TGDD,2026-06-11
PROD_CEL_100575,Dien thoai Vivo V30 5G 4GB/64GB - Hang trung bay,Vivo,V30 5G,4GB,64GB,39140000.0,38140000.0,Con hang,Hang trung bay,CellphoneS,2026-06-11
PROD_TGD_100576,Dien thoai Apple iPhone 14 Pro 6GB/1TB - Moi 100%,Apple,iPhone 14 Pro,6GB,1TB,38700000.0,38200000.0,Con hang,Moi 100%,TGDD,2026-06-11
PROD_CEL_100577,Dien thoai Apple iPhone 15 Pro Max 16GB/1TB - Moi 100%,Apple,iPhone 15 Pro Max,16GB,1TB,37940000.0,37940000.0,Con hang,Moi 100%,CellphoneS,2026-06-11
PROD_TGD_100578,Dien thoai Oppo Reno11 F 12GB/512GB - Moi 100%,Oppo,Reno11 F,12GB,512GB,44260000.0,42260000.0,Het hang,Moi 100%,TGDD,2026-06-11
PROD_TGD_100579,Dien thoai Oppo Reno11 F 12GB/128GB - Moi 100%,Oppo,Reno11 F,12GB,128GB,35250000.0,34250000.0,Con hang,Moi 100%,TGDD,2026-06-11
PROD_TGD_100580,Dien thoai Oppo Reno11 F 4GB/256GB - Moi 100%,Oppo,Reno11 F,4GB,256GB,42270000.0,42270000.0,Het hang,Moi 100%,TGDD,2026-06-11
PROD_CEL_100581,Dien thoai Apple iPhone 13 8GB/64GB - Da kich hoat,Apple,iPhone 13,8GB,64GB,41350000.0,39350000.0,Con hang,Da kich hoat,CellphoneS,2026-06-11
PROD_TGD_100582,Dien thoai Xiaomi Redmi Note 13 16GB/64GB - Moi 100%,Xiaomi,Redmi Note 13,16GB,64GB,37320000.0,36820000.0,Con hang,Moi 100%,TGDD,2026-06-11
PROD_TGD_100583,Dien thoai Samsung Galaxy A55 12GB/256GB - Moi 100%,Samsung,Galaxy A55,12GB,256GB,40610000.0,38610000.0,Con hang,Moi 100%,TGDD,2026-06-11
PROD_CEL_100584,Dien thoai Xiaomi Redmi Note 13 6GB/512GB - Moi 100%,Xiaomi,Redmi Note 13,6GB,512GB,38580000.0,38080000.0,Het hang,Moi 100%,CellphoneS,2026-06-11
PROD_CEL_100585,Dien thoai Vivo X100 Pro 12GB/128GB - Moi 100%,vivo,X100 Pro,12GB,128GB,34080000.0,,Het hang,Moi 100%,CellphoneS,2026-06-11
PROD_TGD_100586,Dien thoai Samsung Galaxy A55 8GB/512GB - Moi 100%,Samsung,Galaxy A55,8GB,512GB,30250000.0,28250000.0,Con hang,Moi 100%,TGDD,2026-06-11
PROD_TGD_100587,Dien thoai Xiaomi Xiaomi 14 8GB/64GB - Moi 100%,Xiaomi,Xiaomi 14,8GB,64GB,39980000.0,39480000.0,Het hang,Moi 100%,TGDD,2026-06-11
PROD_CEL_100588,Dien thoai Oppo A78 8GB/1TB - Moi 100%,Oppo,A78,8GB,1TB,36350000.0,35350000.0,Con hang,Moi 100%,CellphoneS,2026-06-11
PROD_TGD_100589,Dien thoai Oppo Reno11 F 6GB/128GB - Hang trung bay,Oppo,Reno11 F,6GB,128GB,33130000.0,33130000.0,Het hang,Hang trung bay,TGDD,2026-06-11
PROD_CEL_100590,Dien thoai Samsung Galaxy S24 Ultra 4GB/64GB - Da kich hoat,Samsung,Galaxy S24 Ultra,4GB,64GB,36830000.0,35830000.0,Con hang,Da kich hoat,CellphoneS,2026-06-11
PROD_TGD_100591,Dien thoai Samsung Galaxy A55 12GB/256GB - Moi 100%,Samsung,Galaxy A55,12GB,256GB,36590000.0,36590000.0,Con hang,Moi 100%,TGDD,2026-06-11
PROD_TGD_100592,Dien thoai Realme Realme 12 Rest 8GB/1TB - Da kich hoat,Realme,Realme 12 Rest,8GB,1TB,37370000.0,37370000.0,Con hang,Da kich hoat,TGDD,2026-06-11
PROD_TGD_100593,Dien thoai Vivo V30 5G 8GB/1TB - Moi 100%,Vivo,V30 5G,8GB,1TB,35420000.0,35420000.0,Con hang,Moi 100%,TGDD,2026-06-11
PROD_TGD_100594,Dien thoai Realme Realme Note 50 16GB/64GB - Moi 100%,Realme,Realme Note 50,16GB,64GB,37190000.0,37190000.0,Con hang,Moi 100%,TGDD,2026-06-11
PROD_TGD_100595,Dien thoai Vivo V30 5G 4GB/1TB - Moi 100%,Vivo,V30 5G,4GB,1TB,31070000.0,31070000.0,Con hang,Moi 100%,TGDD,2026-06-11
PROD_CEL_100596,Dien thoai Apple iPhone 13 6GB/256GB - Moi 100%,Apple,iPhone 13,6GB,256GB,32170000.0,32170000.0,Con hang,Moi 100%,CellphoneS,2026-06-11
PROD_CEL_100597,Dien thoai Samsung Galaxy S24 Ultra 6GB/256GB - Moi 100%,Samsung,Galaxy S24 Ultra,6GB,256GB,37970000.0,37470000.0,Con hang,Moi 100%,CellphoneS,2026-06-11
PROD_TGD_100598,Dien thoai Oppo A78 6GB/512GB - Moi 100%,Oppo,A78,6GB,512GB,44300000.0,43800000.0,Con hang,Moi 100%,TGDD,2026-06-11
PROD_CEL_100599,Dien thoai Vivo V30 5G 12GB/1TB - Moi 100%,Vivo,V30 5G,12GB,1TB,39080000.0,37080000.0,Het hang,Moi 100%,CellphoneS,2026-06-11
PROD_CEL_100600,Dien thoai Samsung Galaxy A55 4GB/1TB - Moi 100%,samsung,Galaxy A55,4GB,1TB,39930000.0,39930000.0,Con hang,Moi 100%,CellphoneS,2026-06-11
PROD_CEL_100601,Dien thoai Oppo A78 6GB/128GB - Moi 100%,Oppo,A78,6GB,128GB,33150000.0,33150000.0,Con hang,Moi 100%,CellphoneS,2026-06-11
PROD_TGD_100602,Dien thoai Samsung Galaxy A55 6GB/128GB - Moi 100%,Samsung,Galaxy A55,6GB,128GB,42930000.0,41930000.0,Con hang,Moi 100%,TGDD,2026-06-11
PROD_CEL_100603,Dien thoai Oppo Reno11 F 4GB/1TB - Moi 100%,Oppo,Reno11 F,4GB,1TB,40830000.0,38830000.0,Con hang,Moi 100%,CellphoneS,2026-06-11
PROD_CEL_100604,Dien thoai Apple iPhone 15 Pro Max 6GB/128GB - Moi 100%,Apple,iPhone 15 Pro Max,6GB,128GB,44800000.0,44800000.0,Con hang,Moi 100%,CellphoneS,2026-06-11
PROD_TGD_100605,Dien thoai Oppo Find N3 Flip 8GB/256GB - Moi 100%,Oppo,Find N3 Flip,8GB,256GB,36010000.0,35010000.0,Con hang,Moi 100%,TGDD,2026-06-11
PROD_TGD_100606,Dien thoai Xiaomi Xiaomi 14 12GB/512GB - Moi 100%,Xiaomi,Xiaomi 14,12GB,512GB,34460000.0,33960000.0,Het hang,Moi 100%,TGDD,2026-06-11
PROD_TGD_100607,Dien thoai Samsung Galaxy S24 Ultra 6GB/1TB - Moi 100%,Samsung,Galaxy S24 Ultra,6GB,1TB,44390000.0,42390000.0,Con hang,Moi 100%,TGDD,2026-06-11
PROD_TGD_100608,Dien thoai Realme Realme C65 6GB/256GB - Moi 100%,Realme,Realme C65,6GB,256GB,40980000.0,39980000.0,Con hang,Moi 100%,TGDD,2026-06-11
PROD_TGD_100609,Dien thoai Oppo A78 16GB/128GB - Moi 100%,Oppo,A78,16GB,128GB,42680000.0,41680000.0,Con hang,Moi 100%,TGDD,2026-06-11
PROD_TGD_100610,Dien thoai Samsung Galaxy A55 12GB/64GB - Moi 100%,Samsung,Galaxy A55,12GB,64GB,32720000.0,31720000.0,Con hang,Moi 100%,TGDD,2026-06-11
PROD_TGD_100611,Dien thoai Oppo Reno11 F 4GB/64GB - Moi 100%,Oppo,Reno11 F,4GB,64GB,32580000.0,32080000.0,Con hang,Moi 100%,TGDD,2026-06-11
PROD_CEL_100612,Dien thoai Xiaomi Poco X6 Pro 4GB/64GB - Moi 100%,Xiaomi,Poco X6 Pro,4GB,64GB,32190000.0,30190000.0,Con hang,Moi 100%,CellphoneS,2026-06-11
PROD_TGD_100613,Dien thoai Samsung Galaxy Z Fold6 6GB/512GB - Moi 100%,Samsung,Galaxy Z Fold6,6GB,512GB,42160000.0,41660000.0,Con hang,Moi 100%,TGDD,2026-06-11
PROD_TGD_100614,Dien thoai Vivo V30 5G 12GB/128GB - Moi 100%,Vivo,V30 5G,12GB,128GB,35590000.0,35590000.0,Con hang,Moi 100%,TGDD,2026-06-11
PROD_CEL_100615,Dien thoai Vivo V30 5G 6GB/1TB - Hang trung bay,vivo,V30 5G,6GB,1TB,38330000.0,37330000.0,Con hang,Hang trung bay,CellphoneS,2026-06-11
PROD_CEL_100616,Dien thoai Vivo X100 Pro 16GB/1TB - Hang trung bay,Vivo,X100 Pro,16GB,1TB,33680000.0,32680000.0,Con hang,Hang trung bay,CellphoneS,2026-06-11
PROD_CEL_100617,Dien thoai Realme Realme Note 50 4GB/256GB - Moi 100%,Realme,Realme Note 50,4GB,256GB,40150000.0,38150000.0,Con hang,Moi 100%,CellphoneS,2026-06-11
PROD_CEL_100618,Dien thoai Oppo A78 16GB/128GB - Da kich hoat,Oppo,A78,16GB,128GB,35500000.0,35000000.0,Con hang,Da kich hoat,CellphoneS,2026-06-11
PROD_TGD_100619,Dien thoai Realme Realme Note 50 8GB/1TB - Da kich hoat,Realme,Realme Note 50,8GB,1TB,30840000.0,30340000.0,Con hang,Da kich hoat,TGDD,2026-06-11
PROD_CEL_100620,Dien thoai Oppo Reno11 F 6GB/128GB - Moi 100%,Oppo,Reno11 F,6GB,128GB,33020000.0,31020000.0,Con hang,Moi 100%,CellphoneS,2026-06-11
PROD_CEL_100621,Dien thoai Apple iPhone 13 16GB/128GB - Moi 100%,Apple,iPhone 13,16GB,128GB,44020000.0,42020000.0,Con hang,Moi 100%,CellphoneS,2026-06-11
PROD_TGD_100622,Dien thoai Xiaomi Xiaomi 14 6GB/256GB - Da kich hoat,Xiaomi,Xiaomi 14,6GB,256GB,36320000.0,36320000.0,Con hang,Da kich hoat,TGDD,2026-06-11
PROD_CEL_100623,Dien thoai Xiaomi Redmi Note 13 6GB/1TB - Hang trung bay,Xiaomi,Redmi Note 13,6GB,1TB,42770000.0,41770000.0,Con hang,Hang trung bay,CellphoneS,2026-06-11
PROD_CEL_100624,Dien thoai Apple iPhone 13 6GB/1TB - Moi 100%,Apple,iPhone 13,6GB,1TB,41180000.0,40180000.0,Con hang,Moi 100%,CellphoneS,2026-06-11
PROD_TGD_100625,Dien thoai Realme Realme C65 8GB/128GB - Moi 100%,Realme,Realme C65,8GB,128GB,37050000.0,36050000.0,Con hang,Moi 100%,TGDD,2026-06-11
PROD_TGD_100626,Dien thoai Samsung Galaxy A55 4GB/1TB - Da kich hoat,Samsung,Galaxy A55,4GB,1TB,30280000.0,28280000.0,Con hang,Da kich hoat,TGDD,2026-06-11
PROD_TGD_100627,Dien thoai Samsung Galaxy S24 Ultra 16GB/128GB - Moi 100%,Samsung,Galaxy S24 Ultra,16GB,128GB,31890000.0,30890000.0,Con hang,Moi 100%,TGDD,2026-06-11
PROD_CEL_100628,Dien thoai Vivo X100 Pro 4GB/128GB - Moi 100%,Vivo,X100 Pro,4GB,128GB,37040000.0,36540000.0,Con hang,Moi 100%,CellphoneS,2026-06-11
PROD_TGD_100629,Dien thoai Oppo Find N3 Flip 6GB/1TB - Moi 100%,Oppo,Find N3 Flip,6GB,1TB,35830000.0,33830000.0,Con hang,Moi 100%,TGDD,2026-06-11
PROD_CEL_100630,Dien thoai Vivo X100 Pro 8GB/64GB - Moi 100%,vivo,X100 Pro,8GB,64GB,31960000.0,,Con hang,Moi 100%,CellphoneS,2026-06-11
PROD_TGD_100631,Dien thoai Oppo A78 6GB/512GB - Moi 100%,Oppo,A78,6GB,512GB,31500000.0,31000000.0,Con hang,Moi 100%,TGDD,2026-06-11
PROD_TGD_100632,Dien thoai Samsung Galaxy S24 Ultra 12GB/512GB - Moi 100%,Samsung,Galaxy S24 Ultra,12GB,512GB,33110000.0,32110000.0,Het hang,Moi 100%,TGDD,2026-06-11
PROD_CEL_100633,Dien thoai Vivo V30 5G 6GB/256GB - Moi 100%,Vivo,V30 5G,6GB,256GB,32880000.0,30880000.0,Con hang,Moi 100%,CellphoneS,2026-06-11
PROD_TGD_100634,Dien thoai Samsung Galaxy Z Fold6 16GB/128GB - Moi 100%,Samsung,Galaxy Z Fold6,16GB,128GB,41210000.0,40210000.0,Con hang,Moi 100%,TGDD,2026-06-11
PROD_CEL_100635,Dien thoai Xiaomi Xiaomi 14 16GB/1TB - Moi 100%,Xiaomi,Xiaomi 14,16GB,1TB,34070000.0,33070000.0,Con hang,Moi 100%,CellphoneS,2026-06-11
PROD_TGD_100636,Dien thoai Vivo V30 5G 16GB/1TB - Moi 100%,Vivo,V30 5G,16GB,1TB,32810000.0,32810000.0,Con hang,Moi 100%,TGDD,2026-06-11
PROD_TGD_100637,Dien thoai Vivo V30 5G 6GB/512GB - Moi 100%,Vivo,V30 5G,6GB,512GB,36720000.0,36220000.0,Con hang,Moi 100%,TGDD,2026-06-11
PROD_CEL_100638,Dien thoai Apple iPhone 14 Pro 6GB/1TB - Moi 100%,Apple,iPhone 14 Pro,6GB,1TB,40250000.0,40250000.0,Con hang,Moi 100%,CellphoneS,2026-06-11
PROD_CEL_100639,Dien thoai Realme Realme Note 50 12GB/64GB - Moi 100%,Realme,Realme Note 50,12GB,64GB,37730000.0,36730000.0,Con hang,Moi 100%,CellphoneS,2026-06-11
PROD_TGD_100640,Dien thoai Samsung Galaxy A55 6GB/256GB - Moi 100%,Samsung,Galaxy A55,6GB,256GB,,30030000.0,Con hang,Moi 100%,TGDD,2026-06-11
PROD_CEL_100641,Dien thoai Samsung Galaxy Z Fold6 16GB/1TB - Moi 100%,Samsung,Galaxy Z Fold6,16GB,1TB,44080000.0,43580000.0,Con hang,Moi 100%,CellphoneS,2026-06-11
PROD_CEL_100642,Dien thoai Samsung Galaxy Z Fold6 6GB/512GB - Moi 100%,Samsung,Galaxy Z Fold6,6GB,512GB,38940000.0,37940000.0,Con hang,Moi 100%,CellphoneS,2026-06-11
PROD_CEL_100643,Dien thoai Realme Realme Note 50 6GB/1TB - Moi 100%,Realme,Realme Note 50,6GB,1TB,36360000.0,35360000.0,Con hang,Moi 100%,CellphoneS,2026-06-11
PROD_TGD_100644,Dien thoai Samsung Galaxy A55 12GB/128GB - Hang trung bay,Samsung,Galaxy A55,12GB,128GB,44510000.0,44510000.0,Con hang,Hang trung bay,TGDD,2026-06-11
PROD_TGD_100645,Dien thoai Apple iPhone 13 16GB/1TB - Moi 100%,apple,iPhone 13,16GB,1TB,32430000.0,32430000.0,Con hang,Moi 100%,TGDD,2026-06-11
PROD_TGD_100646,Dien thoai Realme Realme 12 Rest 6GB/1TB - Moi 100%,Realme,Realme 12 Rest,6GB,1TB,35500000.0,35500000.0,Het hang,Moi 100%,TGDD,2026-06-11
PROD_TGD_100647,Dien thoai Xiaomi Xiaomi 14 8GB/512GB - Moi 100%,Xiaomi,Xiaomi 14,8GB,512GB,34800000.0,34300000.0,Con hang,Moi 100%,TGDD,2026-06-11
PROD_CEL_100648,Dien thoai Xiaomi Xiaomi 14 8GB/64GB - Moi 100%,Xiaomi,Xiaomi 14,8GB,64GB,40660000.0,40160000.0,Con hang,Moi 100%,CellphoneS,2026-06-11
PROD_CEL_100649,Dien thoai Xiaomi Redmi Note 13 6GB/1TB - Moi 100%,Xiaomi,Redmi Note 13,6GB,1TB,44140000.0,44140000.0,Het hang,Moi 100%,CellphoneS,2026-06-11
PROD_TGD_100650,Dien thoai Realme Realme Note 50 8GB/64GB - Moi 100%,Realme,Realme Note 50,8GB,64GB,41990000.0,40990000.0,Con hang,Moi 100%,TGDD,2026-06-11
PROD_CEL_100651,Dien thoai Oppo Reno11 F 12GB/256GB - Moi 100%,Oppo,Reno11 F,12GB,256GB,35070000.0,34070000.0,Con hang,Moi 100%,CellphoneS,2026-06-11
PROD_TGD_100652,Dien thoai Realme Realme C65 8GB/128GB - Moi 100%,Realme,Realme C65,8GB,128GB,41150000.0,40150000.0,Con hang,Moi 100%,TGDD,2026-06-11
PROD_TGD_100653,Dien thoai Oppo Find N3 Flip 16GB/128GB - Moi 100%,Oppo,Find N3 Flip,16GB,128GB,42010000.0,42010000.0,Het hang,Moi 100%,TGDD,2026-06-11
PROD_CEL_100654,Dien thoai Apple iPhone 14 Pro 4GB/1TB - Moi 100%,Apple,iPhone 14 Pro,4GB,1TB,42900000.0,42900000.0,Con hang,Moi 100%,CellphoneS,2026-06-11
PROD_TGD_100655,Dien thoai Samsung Galaxy A55 6GB/512GB - Moi 100%,Samsung,Galaxy A55,6GB,512GB,43620000.0,43120000.0,Het hang,Moi 100%,TGDD,2026-06-11
PROD_CEL_100656,Dien thoai Realme Realme C65 12GB/256GB - Moi 100%,Realme,Realme C65,12GB,256GB,30680000.0,30680000.0,Con hang,Moi 100%,CellphoneS,2026-06-11
PROD_CEL_100657,Dien thoai Oppo Find N3 Flip 16GB/64GB - Moi 100%,Oppo,Find N3 Flip,16GB,64GB,32260000.0,32260000.0,Con hang,Moi 100%,CellphoneS,2026-06-11
PROD_TGD_100658,Dien thoai Realme Realme C65 4GB/256GB - Moi 100%,Realme,Realme C65,4GB,256GB,40560000.0,39560000.0,Het hang,Moi 100%,TGDD,2026-06-11
PROD_TGD_100659,Dien thoai Oppo Find N3 Flip 4GB/64GB - Moi 100%,Oppo,Find N3 Flip,4GB,64GB,39920000.0,39920000.0,Het hang,Moi 100%,TGDD,2026-06-11
PROD_TGD_100660,Dien thoai Samsung Galaxy S24 Ultra 12GB/1TB - Hang trung bay,samsung,Galaxy S24 Ultra,12GB,1TB,40420000.0,40420000.0,Con hang,Hang trung bay,TGDD,2026-06-11
PROD_TGD_100661,Dien thoai Oppo Reno11 F 16GB/128GB - Hang trung bay,Oppo,Reno11 F,16GB,128GB,44180000.0,43680000.0,Con hang,Hang trung bay,TGDD,2026-06-11
PROD_CEL_100662,Dien thoai Apple iPhone 13 4GB/512GB - Moi 100%,Apple,iPhone 13,4GB,512GB,31250000.0,30750000.0,Con hang,Moi 100%,CellphoneS,2026-06-11
PROD_CEL_100663,Dien thoai Apple iPhone 13 6GB/256GB - Moi 100%,Apple,iPhone 13,6GB,256GB,39810000.0,37810000.0,Con hang,Moi 100%,CellphoneS,2026-06-11
PROD_TGD_100664,Dien thoai Samsung Galaxy Z Fold6 16GB/256GB - Moi 100%,Samsung,Galaxy Z Fold6,16GB,256GB,33210000.0,32710000.0,Con hang,Moi 100%,TGDD,2026-06-11
PROD_TGD_100665,Dien thoai Apple iPhone 15 Pro Max 16GB/512GB - Moi 100%,Apple,iPhone 15 Pro Max,16GB,512GB,30920000.0,30920000.0,Con hang,Moi 100%,TGDD,2026-06-11
PROD_CEL_100666,Dien thoai Xiaomi Xiaomi 14 4GB/1TB - Moi 100%,Xiaomi,Xiaomi 14,4GB,1TB,37860000.0,35860000.0,Het hang,Moi 100%,CellphoneS,2026-06-11
PROD_TGD_100667,Dien thoai Samsung Galaxy A55 16GB/1TB - Hang trung bay,Samsung,Galaxy A55,16GB,1TB,43960000.0,43960000.0,Con hang,Hang trung bay,TGDD,2026-06-11
PROD_TGD_100668,Dien thoai Xiaomi Xiaomi 14 12GB/256GB - Da kich hoat,Xiaomi,Xiaomi 14,12GB,256GB,43350000.0,42350000.0,Con hang,Da kich hoat,TGDD,2026-06-11
PROD_TGD_100669,Dien thoai Samsung Galaxy Z Fold6 12GB/128GB - Moi 100%,Samsung,Galaxy Z Fold6,12GB,128GB,36810000.0,36810000.0,Con hang,Moi 100%,TGDD,2026-06-11
PROD_CEL_100670,Dien thoai Vivo X100 Pro 16GB/512GB - Moi 100%,Vivo,X100 Pro,16GB,512GB,32160000.0,32160000.0,Con hang,Moi 100%,CellphoneS,2026-06-11
PROD_CEL_100671,Dien thoai Samsung Galaxy S24 Ultra 16GB/256GB - Moi 100%,Samsung,Galaxy S24 Ultra,16GB,256GB,32220000.0,31720000.0,Con hang,Moi 100%,CellphoneS,2026-06-11
PROD_TGD_100672,Dien thoai Oppo Reno11 F 4GB/256GB - Moi 100%,Oppo,Reno11 F,4GB,256GB,35220000.0,34220000.0,Het hang,Moi 100%,TGDD,2026-06-11
PROD_CEL_100673,Dien thoai Oppo Reno11 F 4GB/512GB - Moi 100%,Oppo,Reno11 F,4GB,512GB,43920000.0,41920000.0,Con hang,Moi 100%,CellphoneS,2026-06-11
PROD_CEL_100674,Dien thoai Apple iPhone 13 6GB/64GB - Moi 100%,Apple,iPhone 13,6GB,64GB,42110000.0,41110000.0,Con hang,Moi 100%,CellphoneS,2026-06-11
PROD_CEL_100675,Dien thoai Xiaomi Poco X6 Pro 16GB/1TB - Moi 100%,xiaomi,Poco X6 Pro,16GB,1TB,42170000.0,,Con hang,Moi 100%,CellphoneS,2026-06-11
PROD_CEL_100676,Dien thoai Vivo X100 Pro 8GB/512GB - Moi 100%,Vivo,X100 Pro,8GB,512GB,40250000.0,39250000.0,Con hang,Moi 100%,CellphoneS,2026-06-11
PROD_TGD_100677,Dien thoai Xiaomi Poco X6 Pro 4GB/512GB - Moi 100%,Xiaomi,Poco X6 Pro,4GB,512GB,41920000.0,40920000.0,Con hang,Moi 100%,TGDD,2026-06-11
PROD_TGD_100678,Dien thoai Xiaomi Redmi Note 13 6GB/256GB - Moi 100%,Xiaomi,Redmi Note 13,6GB,256GB,31570000.0,31070000.0,Con hang,Moi 100%,TGDD,2026-06-11
PROD_CEL_100679,Dien thoai Vivo Y100 12GB/128GB - Moi 100%,Vivo,Y100,12GB,128GB,37300000.0,35300000.0,Con hang,Moi 100%,CellphoneS,2026-06-11
PROD_TGD_100680,Dien thoai Oppo A78 16GB/64GB - Moi 100%,Oppo,A78,16GB,64GB,39340000.0,39340000.0,Con hang,Moi 100%,TGDD,2026-06-11
PROD_TGD_100681,Dien thoai Realme Realme C65 8GB/64GB - Moi 100%,Realme,Realme C65,8GB,64GB,34110000.0,33110000.0,Het hang,Moi 100%,TGDD,2026-06-11
PROD_CEL_100682,Dien thoai Vivo V30 5G 6GB/1TB - Moi 100%,Vivo,V30 5G,6GB,1TB,43330000.0,43330000.0,Con hang,Moi 100%,CellphoneS,2026-06-11
PROD_CEL_100683,Dien thoai Samsung Galaxy S24 Ultra 16GB/512GB - Moi 100%,Samsung,Galaxy S24 Ultra,16GB,512GB,43630000.0,42630000.0,Het hang,Moi 100%,CellphoneS,2026-06-11
PROD_CEL_100684,Dien thoai Vivo V30 5G 4GB/256GB - Moi 100%,Vivo,V30 5G,4GB,256GB,35850000.0,34850000.0,Het hang,Moi 100%,CellphoneS,2026-06-11
PROD_CEL_100685,Dien thoai Apple iPhone 14 Pro 16GB/512GB - Moi 100%,Apple,iPhone 14 Pro,16GB,512GB,44630000.0,44630000.0,Con hang,Moi 100%,CellphoneS,2026-06-11
PROD_CEL_100686,Dien thoai Realme Realme Note 50 12GB/64GB - Moi 100%,Realme,Realme Note 50,12GB,64GB,42060000.0,42060000.0,Con hang,Moi 100%,CellphoneS,2026-06-11
PROD_CEL_100687,Dien thoai Xiaomi Poco X6 Pro 12GB/512GB - Moi 100%,Xiaomi,Poco X6 Pro,12GB,512GB,31260000.0,30260000.0,Con hang,Moi 100%,CellphoneS,2026-06-11
PROD_CEL_100688,Dien thoai Apple iPhone 15 Pro Max 12GB/128GB - Moi 100%,Apple,iPhone 15 Pro Max,12GB,128GB,35750000.0,35750000.0,Con hang,Moi 100%,CellphoneS,2026-06-11
PROD_TGD_100689,Dien thoai Oppo Find N3 Flip 8GB/512GB - Moi 100%,Oppo,Find N3 Flip,8GB,512GB,42840000.0,42840000.0,Con hang,Moi 100%,TGDD,2026-06-11
PROD_TGD_100690,Dien thoai Oppo Find N3 Flip 4GB/1TB - Moi 100%,oppo,Find N3 Flip,4GB,1TB,42470000.0,41970000.0,Con hang,Moi 100%,TGDD,2026-06-11
PROD_TGD_100691,Dien thoai Realme Realme C65 8GB/512GB - Moi 100%,Realme,Realme C65,8GB,512GB,42880000.0,42880000.0,Con hang,Moi 100%,TGDD,2026-06-11
PROD_CEL_100692,Dien thoai Realme Realme 12 Rest 4GB/1TB - Moi 100%,Realme,Realme 12 Rest,4GB,1TB,38600000.0,36600000.0,Het hang,Moi 100%,CellphoneS,2026-06-11
PROD_CEL_100693,Dien thoai Xiaomi Xiaomi 14 4GB/64GB - Moi 100%,Xiaomi,Xiaomi 14,4GB,64GB,30150000.0,29150000.0,Con hang,Moi 100%,CellphoneS,2026-06-11
PROD_TGD_100694,Dien thoai Realme Realme Note 50 8GB/64GB - Moi 100%,Realme,Realme Note 50,8GB,64GB,34700000.0,32700000.0,Con hang,Moi 100%,TGDD,2026-06-11
PROD_TGD_100695,Dien thoai Realme Realme Note 50 4GB/512GB - Moi 100%,Realme,Realme Note 50,4GB,512GB,36910000.0,35910000.0,Con hang,Moi 100%,TGDD,2026-06-11
PROD_TGD_100696,Dien thoai Apple iPhone 14 Pro 12GB/256GB - Moi 100%,Apple,iPhone 14 Pro,12GB,256GB,36250000.0,36250000.0,Con hang,Moi 100%,TGDD,2026-06-11
PROD_TGD_100697,Dien thoai Realme Realme 12 Rest 16GB/128GB - Moi 100%,Realme,Realme 12 Rest,16GB,128GB,38020000.0,37520000.0,Con hang,Moi 100%,TGDD,2026-06-11
PROD_TGD_100698,Dien thoai Apple iPhone 13 6GB/1TB - Moi 100%,Apple,iPhone 13,6GB,1TB,39070000.0,39070000.0,Con hang,Moi 100%,TGDD,2026-06-11
PROD_CEL_100699,Dien thoai Samsung Galaxy S24 Ultra 4GB/128GB - Moi 100%,Samsung,Galaxy S24 Ultra,4GB,128GB,30570000.0,28570000.0,Con hang,Moi 100%,CellphoneS,2026-06-11
PROD_CEL_100700,Dien thoai Samsung Galaxy S24 Ultra 8GB/128GB - Moi 100%,Samsung,Galaxy S24 Ultra,8GB,128GB,43660000.0,41660000.0,Con hang,Moi 100%,CellphoneS,2026-06-11
PROD_TGD_100701,Dien thoai Xiaomi Redmi Note 13 6GB/512GB - Moi 100%,Xiaomi,Redmi Note 13,6GB,512GB,33720000.0,33720000.0,Het hang,Moi 100%,TGDD,2026-06-11
PROD_CEL_100702,Dien thoai Realme Realme Note 50 6GB/128GB - Moi 100%,Realme,Realme Note 50,6GB,128GB,35870000.0,34870000.0,Con hang,Moi 100%,CellphoneS,2026-06-11
PROD_CEL_100703,Dien thoai Realme Realme Note 50 6GB/1TB - Moi 100%,Realme,Realme Note 50,6GB,1TB,35400000.0,34400000.0,Con hang,Moi 100%,CellphoneS,2026-06-11
PROD_CEL_100704,Dien thoai Xiaomi Redmi Note 13 16GB/128GB - Moi 100%,Xiaomi,Redmi Note 13,16GB,128GB,36600000.0,35600000.0,Con hang,Moi 100%,CellphoneS,2026-06-11
PROD_CEL_100705,Dien thoai Samsung Galaxy A55 16GB/256GB - Moi 100%,samsung,Galaxy A55,16GB,256GB,38100000.0,36100000.0,Con hang,Moi 100%,CellphoneS,2026-06-11
PROD_TGD_100706,Dien thoai Apple iPhone 13 12GB/128GB - Moi 100%,Apple,iPhone 13,12GB,128GB,30950000.0,30450000.0,Con hang,Moi 100%,TGDD,2026-06-11
PROD_CEL_100707,Dien thoai Vivo V30 5G 16GB/512GB - Moi 100%,Vivo,V30 5G,16GB,512GB,39700000.0,39700000.0,Con hang,Moi 100%,CellphoneS,2026-06-11
PROD_CEL_100708,Dien thoai Realme Realme Note 50 4GB/128GB - Moi 100%,Realme,Realme Note 50,4GB,128GB,37820000.0,37320000.0,Con hang,Moi 100%,CellphoneS,2026-06-11
PROD_CEL_100709,Dien thoai Realme Realme Note 50 12GB/64GB - Moi 100%,Realme,Realme Note 50,12GB,64GB,34560000.0,34560000.0,Con hang,Moi 100%,CellphoneS,2026-06-11
PROD_CEL_100710,Dien thoai Vivo X100 Pro 8GB/256GB - Moi 100%,Vivo,X100 Pro,8GB,256GB,39820000.0,37820000.0,Con hang,Moi 100%,CellphoneS,2026-06-11
PROD_CEL_100711,Dien thoai Vivo V30 5G 4GB/64GB - Moi 100%,Vivo,V30 5G,4GB,64GB,42480000.0,41980000.0,Het hang,Moi 100%,CellphoneS,2026-06-11
PROD_TGD_100712,Dien thoai Samsung Galaxy A55 12GB/1TB - Moi 100%,Samsung,Galaxy A55,12GB,1TB,31650000.0,31150000.0,Con hang,Moi 100%,TGDD,2026-06-11
PROD_CEL_100713,Dien thoai Xiaomi Redmi Note 13 16GB/256GB - Moi 100%,Xiaomi,Redmi Note 13,16GB,256GB,44940000.0,42940000.0,Con hang,Moi 100%,CellphoneS,2026-06-11
PROD_TGD_100714,Dien thoai Apple iPhone 14 Pro 12GB/256GB - Moi 100%,Apple,iPhone 14 Pro,12GB,256GB,33090000.0,33090000.0,Con hang,Moi 100%,TGDD,2026-06-11
PROD_CEL_100715,Dien thoai Realme Realme 12 Rest 12GB/1TB - Moi 100%,Realme,Realme 12 Rest,12GB,1TB,43800000.0,42800000.0,Con hang,Moi 100%,CellphoneS,2026-06-11
PROD_CEL_100716,Dien thoai Vivo X100 Pro 8GB/128GB - Moi 100%,Vivo,X100 Pro,8GB,128GB,31120000.0,29120000.0,Het hang,Moi 100%,CellphoneS,2026-06-11
PROD_TGD_100717,Dien thoai Apple iPhone 15 Pro Max 6GB/1TB - Moi 100%,Apple,iPhone 15 Pro Max,6GB,1TB,36010000.0,34010000.0,Con hang,Moi 100%,TGDD,2026-06-11
PROD_TGD_100718,Dien thoai Realme Realme C65 8GB/256GB - Da kich hoat,Realme,Realme C65,8GB,256GB,34160000.0,32160000.0,Con hang,Da kich hoat,TGDD,2026-06-11
PROD_CEL_100719,Dien thoai Realme Realme Note 50 16GB/128GB - Moi 100%,Realme,Realme Note 50,16GB,128GB,43750000.0,43250000.0,Con hang,Moi 100%,CellphoneS,2026-06-11
PROD_CEL_100720,Dien thoai Apple iPhone 15 Pro Max 4GB/1TB - Moi 100%,apple,iPhone 15 Pro Max,4GB,1TB,,,Con hang,Moi 100%,CellphoneS,2026-06-11
PROD_TGD_100721,Dien thoai Apple iPhone 14 Pro 16GB/128GB - Moi 100%,Apple,iPhone 14 Pro,16GB,128GB,35500000.0,35000000.0,Con hang,Moi 100%,TGDD,2026-06-11
PROD_CEL_100722,Dien thoai Realme Realme Note 50 6GB/256GB - Moi 100%,Realme,Realme Note 50,6GB,256GB,36140000.0,35140000.0,Het hang,Moi 100%,CellphoneS,2026-06-11
PROD_CEL_100723,Dien thoai Realme Realme 12 Rest 12GB/512GB - Moi 100%,Realme,Realme 12 Rest,12GB,512GB,32700000.0,32700000.0,Con hang,Moi 100%,CellphoneS,2026-06-11
PROD_CEL_100724,Dien thoai Oppo A78 6GB/256GB - Moi 100%,Oppo,A78,6GB,256GB,37850000.0,37850000.0,Het hang,Moi 100%,CellphoneS,2026-06-11
PROD_CEL_100725,Dien thoai Samsung Galaxy Z Fold6 6GB/256GB - Moi 100%,Samsung,Galaxy Z Fold6,6GB,256GB,39920000.0,39920000.0,Con hang,Moi 100%,CellphoneS,2026-06-11
PROD_TGD_100726,Dien thoai Vivo X100 Pro 12GB/64GB - Moi 100%,Vivo,X100 Pro,12GB,64GB,34830000.0,33830000.0,Con hang,Moi 100%,TGDD,2026-06-11
PROD_TGD_100727,Dien thoai Apple iPhone 14 Pro 4GB/128GB - Moi 100%,Apple,iPhone 14 Pro,4GB,128GB,43430000.0,43430000.0,Con hang,Moi 100%,TGDD,2026-06-11
PROD_CEL_100728,Dien thoai Xiaomi Redmi Note 13 4GB/512GB - Moi 100%,Xiaomi,Redmi Note 13,4GB,512GB,40270000.0,39270000.0,Con hang,Moi 100%,CellphoneS,2026-06-11
PROD_CEL_100729,Dien thoai Apple iPhone 15 Pro Max 8GB/512GB - Moi 100%,Apple,iPhone 15 Pro Max,8GB,512GB,42710000.0,41710000.0,Con hang,Moi 100%,CellphoneS,2026-06-11
PROD_TGD_100730,Dien thoai Oppo A78 6GB/128GB - Moi 100%,Oppo,A78,6GB,128GB,41350000.0,39350000.0,Het hang,Moi 100%,TGDD,2026-06-11
PROD_TGD_100731,Dien thoai Xiaomi Redmi Note 13 4GB/1TB - Hang trung bay,Xiaomi,Redmi Note 13,4GB,1TB,41800000.0,39800000.0,Con hang,Hang trung bay,TGDD,2026-06-11
PROD_TGD_100732,Dien thoai Xiaomi Redmi Note 13 4GB/256GB - Moi 100%,Xiaomi,Redmi Note 13,4GB,256GB,31780000.0,30780000.0,Con hang,Moi 100%,TGDD,2026-06-11
PROD_TGD_100733,Dien thoai Xiaomi Redmi Note 13 12GB/1TB - Moi 100%,Xiaomi,Redmi Note 13,12GB,1TB,30250000.0,30250000.0,Con hang,Moi 100%,TGDD,2026-06-11
PROD_TGD_100734,Dien thoai Realme Realme Note 50 8GB/256GB - Moi 100%,Realme,Realme Note 50,8GB,256GB,36290000.0,35290000.0,Con hang,Moi 100%,TGDD,2026-06-11
PROD_TGD_100735,Dien thoai Xiaomi Redmi Note 13 12GB/512GB - Moi 100%,xiaomi,Redmi Note 13,12GB,512GB,42110000.0,41110000.0,Con hang,Moi 100%,TGDD,2026-06-11
PROD_CEL_100736,Dien thoai Xiaomi Poco X6 Pro 12GB/128GB - Moi 100%,Xiaomi,Poco X6 Pro,12GB,128GB,33000000.0,32000000.0,Con hang,Moi 100%,CellphoneS,2026-06-11
PROD_TGD_100737,Dien thoai Xiaomi Redmi Note 13 4GB/1TB - Moi 100%,Xiaomi,Redmi Note 13,4GB,1TB,30660000.0,30160000.0,Con hang,Moi 100%,TGDD,2026-06-11
PROD_TGD_100738,Dien thoai Xiaomi Xiaomi 14 6GB/1TB - Moi 100%,Xiaomi,Xiaomi 14,6GB,1TB,41890000.0,41390000.0,Con hang,Moi 100%,TGDD,2026-06-11
PROD_TGD_100739,Dien thoai Samsung Galaxy S24 Ultra 16GB/64GB - Moi 100%,Samsung,Galaxy S24 Ultra,16GB,64GB,33290000.0,31290000.0,Con hang,Moi 100%,TGDD,2026-06-11
PROD_CEL_100740,Dien thoai Samsung Galaxy A55 12GB/1TB - Moi 100%,Samsung,Galaxy A55,12GB,1TB,30430000.0,30430000.0,Con hang,Moi 100%,CellphoneS,2026-06-11
PROD_TGD_100741,Dien thoai Vivo X100 Pro 12GB/128GB - Moi 100%,Vivo,X100 Pro,12GB,128GB,42720000.0,42720000.0,Con hang,Moi 100%,TGDD,2026-06-11
PROD_CEL_100742,Dien thoai Oppo A78 8GB/512GB - Moi 100%,Oppo,A78,8GB,512GB,43590000.0,43590000.0,Con hang,Moi 100%,CellphoneS,2026-06-11
PROD_CEL_100743,Dien thoai Realme Realme 12 Rest 6GB/128GB - Moi 100%,Realme,Realme 12 Rest,6GB,128GB,40410000.0,40410000.0,Het hang,Moi 100%,CellphoneS,2026-06-11
PROD_TGD_100744,Dien thoai Oppo A78 8GB/512GB - Moi 100%,Oppo,A78,8GB,512GB,37290000.0,36790000.0,Con hang,Moi 100%,TGDD,2026-06-11
PROD_CEL_100745,Dien thoai Samsung Galaxy S24 Ultra 8GB/64GB - Moi 100%,Samsung,Galaxy S24 Ultra,8GB,64GB,31940000.0,31940000.0,Con hang,Moi 100%,CellphoneS,2026-06-11
PROD_TGD_100746,Dien thoai Apple iPhone 13 8GB/512GB - Moi 100%,Apple,iPhone 13,8GB,512GB,39830000.0,37830000.0,Het hang,Moi 100%,TGDD,2026-06-11
PROD_TGD_100747,Dien thoai Xiaomi Xiaomi 14 4GB/128GB - Moi 100%,Xiaomi,Xiaomi 14,4GB,128GB,36090000.0,35090000.0,Con hang,Moi 100%,TGDD,2026-06-11
PROD_CEL_100748,Dien thoai Vivo X100 Pro 4GB/64GB - Hang trung bay,Vivo,X100 Pro,4GB,64GB,42420000.0,41420000.0,Het hang,Hang trung bay,CellphoneS,2026-06-11
PROD_TGD_100749,Dien thoai Apple iPhone 13 16GB/128GB - Moi 100%,Apple,iPhone 13,16GB,128GB,39810000.0,37810000.0,Con hang,Moi 100%,TGDD,2026-06-11
PROD_CEL_100750,Dien thoai Oppo A78 8GB/512GB - Moi 100%,oppo,A78,8GB,512GB,43790000.0,42790000.0,Con hang,Moi 100%,CellphoneS,2026-06-11
PROD_TGD_100751,Dien thoai Xiaomi Xiaomi 14 4GB/512GB - Moi 100%,Xiaomi,Xiaomi 14,4GB,512GB,32080000.0,31080000.0,Con hang,Moi 100%,TGDD,2026-06-11
PROD_CEL_100752,Dien thoai Oppo Reno11 F 4GB/256GB - Moi 100%,Oppo,Reno11 F,4GB,256GB,36110000.0,34110000.0,Con hang,Moi 100%,CellphoneS,2026-06-11
PROD_CEL_100753,Dien thoai Samsung Galaxy A55 12GB/512GB - Moi 100%,Samsung,Galaxy A55,12GB,512GB,41070000.0,41070000.0,Con hang,Moi 100%,CellphoneS,2026-06-11
PROD_CEL_100754,Dien thoai Samsung Galaxy S24 Ultra 12GB/512GB - Moi 100%,Samsung,Galaxy S24 Ultra,12GB,512GB,36090000.0,34090000.0,Con hang,Moi 100%,CellphoneS,2026-06-11
PROD_TGD_100755,Dien thoai Xiaomi Redmi Note 13 16GB/256GB - Moi 100%,Xiaomi,Redmi Note 13,16GB,256GB,33130000.0,31130000.0,Het hang,Moi 100%,TGDD,2026-06-11
PROD_TGD_100756,Dien thoai Xiaomi Poco X6 Pro 4GB/1TB - Moi 100%,Xiaomi,Poco X6 Pro,4GB,1TB,32620000.0,30620000.0,Con hang,Moi 100%,TGDD,2026-06-11
PROD_TGD_100757,Dien thoai Apple iPhone 14 Pro 8GB/128GB - Moi 100%,Apple,iPhone 14 Pro,8GB,128GB,41960000.0,41460000.0,Con hang,Moi 100%,TGDD,2026-06-11
PROD_CEL_100758,Dien thoai Realme Realme Note 50 4GB/128GB - Moi 100%,Realme,Realme Note 50,4GB,128GB,32450000.0,31450000.0,Con hang,Moi 100%,CellphoneS,2026-06-11
PROD_CEL_100759,Dien thoai Apple iPhone 13 12GB/128GB - Moi 100%,Apple,iPhone 13,12GB,128GB,42150000.0,42150000.0,Con hang,Moi 100%,CellphoneS,2026-06-11
PROD_CEL_100760,Dien thoai Realme Realme 12 Rest 4GB/512GB - Moi 100%,Realme,Realme 12 Rest,4GB,512GB,44860000.0,44860000.0,Con hang,Moi 100%,CellphoneS,2026-06-11
PROD_CEL_100761,Dien thoai Realme Realme C65 6GB/256GB - Moi 100%,Realme,Realme C65,6GB,256GB,37460000.0,36460000.0,Con hang,Moi 100%,CellphoneS,2026-06-11
PROD_CEL_100762,Dien thoai Xiaomi Redmi Note 13 4GB/512GB - Moi 100%,Xiaomi,Redmi Note 13,4GB,512GB,31740000.0,30740000.0,Con hang,Moi 100%,CellphoneS,2026-06-11
PROD_TGD_100763,Dien thoai Apple iPhone 14 Pro 16GB/1TB - Moi 100%,Apple,iPhone 14 Pro,16GB,1TB,41450000.0,39450000.0,Con hang,Moi 100%,TGDD,2026-06-11
PROD_CEL_100764,Dien thoai Xiaomi Poco X6 Pro 16GB/64GB - Moi 100%,Xiaomi,Poco X6 Pro,16GB,64GB,34990000.0,33990000.0,Con hang,Moi 100%,CellphoneS,2026-06-11
PROD_CEL_100765,Dien thoai Realme Realme 12 Rest 16GB/256GB - Moi 100%,realme,Realme 12 Rest,16GB,256GB,44060000.0,,Con hang,Moi 100%,CellphoneS,2026-06-11
PROD_CEL_100766,Dien thoai Realme Realme 12 Rest 6GB/64GB - Moi 100%,Realme,Realme 12 Rest,6GB,64GB,38600000.0,37600000.0,Het hang,Moi 100%,CellphoneS,2026-06-11
PROD_CEL_100767,Dien thoai Oppo Reno11 F 12GB/512GB - Moi 100%,Oppo,Reno11 F,12GB,512GB,42080000.0,40080000.0,Con hang,Moi 100%,CellphoneS,2026-06-11
PROD_CEL_100768,Dien thoai Realme Realme C65 12GB/64GB - Moi 100%,Realme,Realme C65,12GB,64GB,37660000.0,36660000.0,Con hang,Moi 100%,CellphoneS,2026-06-11
PROD_CEL_100769,Dien thoai Samsung Galaxy A55 6GB/64GB - Moi 100%,Samsung,Galaxy A55,6GB,64GB,38210000.0,37710000.0,Con hang,Moi 100%,CellphoneS,2026-06-11
PROD_TGD_100770,Dien thoai Xiaomi Poco X6 Pro 6GB/128GB - Moi 100%,Xiaomi,Poco X6 Pro,6GB,128GB,39390000.0,37390000.0,Con hang,Moi 100%,TGDD,2026-06-11
PROD_CEL_100771,Dien thoai Oppo Reno11 F 8GB/256GB - Moi 100%,Oppo,Reno11 F,8GB,256GB,39160000.0,39160000.0,Con hang,Moi 100%,CellphoneS,2026-06-11
PROD_CEL_100772,Dien thoai Vivo V30 5G 8GB/128GB - Moi 100%,Vivo,V30 5G,8GB,128GB,44670000.0,43670000.0,Con hang,Moi 100%,CellphoneS,2026-06-11
PROD_TGD_100773,Dien thoai Xiaomi Redmi Note 13 12GB/64GB - Moi 100%,Xiaomi,Redmi Note 13,12GB,64GB,39320000.0,39320000.0,Con hang,Moi 100%,TGDD,2026-06-11
PROD_CEL_100774,Dien thoai Apple iPhone 15 Pro Max 16GB/1TB - Moi 100%,Apple,iPhone 15 Pro Max,16GB,1TB,39450000.0,38450000.0,Con hang,Moi 100%,CellphoneS,2026-06-11
PROD_CEL_100775,Dien thoai Xiaomi Redmi Note 13 6GB/128GB - Moi 100%,Xiaomi,Redmi Note 13,6GB,128GB,37330000.0,37330000.0,Het hang,Moi 100%,CellphoneS,2026-06-11
PROD_CEL_100776,Dien thoai Realme Realme C65 16GB/256GB - Moi 100%,Realme,Realme C65,16GB,256GB,30780000.0,29780000.0,Con hang,Moi 100%,CellphoneS,2026-06-11
PROD_TGD_100777,Dien thoai Samsung Galaxy A55 8GB/128GB - Da kich hoat,Samsung,Galaxy A55,8GB,128GB,31320000.0,29320000.0,Het hang,Da kich hoat,TGDD,2026-06-11
PROD_TGD_100778,Dien thoai Apple iPhone 14 Pro 16GB/64GB - Moi 100%,Apple,iPhone 14 Pro,16GB,64GB,33290000.0,31290000.0,Con hang,Moi 100%,TGDD,2026-06-11
PROD_CEL_100779,Dien thoai Apple iPhone 14 Pro 16GB/256GB - Moi 100%,Apple,iPhone 14 Pro,16GB,256GB,32800000.0,30800000.0,Con hang,Moi 100%,CellphoneS,2026-06-11
PROD_CEL_100780,Dien thoai Samsung Galaxy S24 Ultra 6GB/64GB - Moi 100%,samsung,Galaxy S24 Ultra,6GB,64GB,34020000.0,32020000.0,Con hang,Moi 100%,CellphoneS,2026-06-11
PROD_CEL_100781,Dien thoai Samsung Galaxy Z Fold6 8GB/512GB - Moi 100%,Samsung,Galaxy Z Fold6,8GB,512GB,39280000.0,38280000.0,Het hang,Moi 100%,CellphoneS,2026-06-11
PROD_CEL_100782,Dien thoai Xiaomi Poco X6 Pro 12GB/128GB - Moi 100%,Xiaomi,Poco X6 Pro,12GB,128GB,43740000.0,42740000.0,Het hang,Moi 100%,CellphoneS,2026-06-11
PROD_TGD_100783,Dien thoai Apple iPhone 13 12GB/64GB - Da kich hoat,Apple,iPhone 13,12GB,64GB,33150000.0,32650000.0,Con hang,Da kich hoat,TGDD,2026-06-11
PROD_CEL_100784,Dien thoai Oppo A78 12GB/1TB - Moi 100%,Oppo,A78,12GB,1TB,34810000.0,34810000.0,Con hang,Moi 100%,CellphoneS,2026-06-11
PROD_TGD_100785,Dien thoai Apple iPhone 15 Pro Max 6GB/64GB - Moi 100%,Apple,iPhone 15 Pro Max,6GB,64GB,39740000.0,37740000.0,Con hang,Moi 100%,TGDD,2026-06-11
PROD_TGD_100786,Dien thoai Apple iPhone 13 12GB/128GB - Moi 100%,Apple,iPhone 13,12GB,128GB,38220000.0,37220000.0,Con hang,Moi 100%,TGDD,2026-06-11
PROD_CEL_100787,Dien thoai Realme Realme 12 Rest 4GB/128GB - Moi 100%,Realme,Realme 12 Rest,4GB,128GB,37690000.0,36690000.0,Het hang,Moi 100%,CellphoneS,2026-06-11
PROD_CEL_100788,Dien thoai Vivo X100 Pro 6GB/64GB - Moi 100%,Vivo,X100 Pro,6GB,64GB,39460000.0,38960000.0,Con hang,Moi 100%,CellphoneS,2026-06-11
PROD_CEL_100789,Dien thoai Xiaomi Redmi Note 13 8GB/128GB - Moi 100%,Xiaomi,Redmi Note 13,8GB,128GB,40690000.0,40690000.0,Con hang,Moi 100%,CellphoneS,2026-06-11
PROD_CEL_100790,Dien thoai Samsung Galaxy Z Fold6 12GB/1TB - Moi 100%,Samsung,Galaxy Z Fold6,12GB,1TB,33910000.0,32910000.0,Con hang,Moi 100%,CellphoneS,2026-06-11
PROD_CEL_100791,Dien thoai Apple iPhone 15 Pro Max 12GB/256GB - Moi 100%,Apple,iPhone 15 Pro Max,12GB,256GB,35900000.0,35400000.0,Con hang,Moi 100%,CellphoneS,2026-06-11
PROD_TGD_100792,Dien thoai Realme Realme C65 8GB/512GB - Moi 100%,Realme,Realme C65,8GB,512GB,31270000.0,30270000.0,Con hang,Moi 100%,TGDD,2026-06-11
PROD_TGD_100793,Dien thoai Vivo V30 5G 8GB/256GB - Hang trung bay,Vivo,V30 5G,8GB,256GB,44730000.0,43730000.0,Con hang,Hang trung bay,TGDD,2026-06-11
PROD_TGD_100794,Dien thoai Samsung Galaxy S24 Ultra 16GB/128GB - Moi 100%,Samsung,Galaxy S24 Ultra,16GB,128GB,41330000.0,40330000.0,Het hang,Moi 100%,TGDD,2026-06-11
PROD_CEL_100795,Dien thoai Vivo V30 5G 12GB/256GB - Moi 100%,vivo,V30 5G,12GB,256GB,41310000.0,40310000.0,Con hang,Moi 100%,CellphoneS,2026-06-11
PROD_TGD_100796,Dien thoai Vivo X100 Pro 12GB/64GB - Moi 100%,Vivo,X100 Pro,12GB,64GB,39970000.0,38970000.0,Het hang,Moi 100%,TGDD,2026-06-11
PROD_CEL_100797,Dien thoai Xiaomi Poco X6 Pro 6GB/128GB - Moi 100%,Xiaomi,Poco X6 Pro,6GB,128GB,43170000.0,42670000.0,Con hang,Moi 100%,CellphoneS,2026-06-11
PROD_CEL_100798,Dien thoai Realme Realme 12 Rest 16GB/128GB - Moi 100%,Realme,Realme 12 Rest,16GB,128GB,44760000.0,44760000.0,Con hang,Moi 100%,CellphoneS,2026-06-11
PROD_CEL_100799,Dien thoai Samsung Galaxy Z Fold6 12GB/256GB - Da kich hoat,Samsung,Galaxy Z Fold6,12GB,256GB,43190000.0,42190000.0,Con hang,Da kich hoat,CellphoneS,2026-06-11
PROD_CEL_100800,Dien thoai Vivo V30 5G 6GB/512GB - Moi 100%,Vivo,V30 5G,6GB,512GB,,35800000.0,Con hang,Moi 100%,CellphoneS,2026-06-11
PROD_TGD_100801,Dien thoai Realme Realme 12 Rest 12GB/128GB - Moi 100%,Realme,Realme 12 Rest,12GB,128GB,39270000.0,38270000.0,Con hang,Moi 100%,TGDD,2026-06-11
PROD_CEL_100802,Dien thoai Samsung Galaxy S24 Ultra 12GB/256GB - Da kich hoat,Samsung,Galaxy S24 Ultra,12GB,256GB,37180000.0,36680000.0,Con hang,Da kich hoat,CellphoneS,2026-06-11
PROD_CEL_100803,Dien thoai Xiaomi Poco X6 Pro 12GB/1TB - Moi 100%,Xiaomi,Poco X6 Pro,12GB,1TB,35790000.0,34790000.0,Con hang,Moi 100%,CellphoneS,2026-06-11
PROD_CEL_100804,Dien thoai Xiaomi Poco X6 Pro 16GB/64GB - Moi 100%,Xiaomi,Poco X6 Pro,16GB,64GB,31630000.0,31630000.0,Con hang,Moi 100%,CellphoneS,2026-06-11
PROD_CEL_100805,Dien thoai Vivo X100 Pro 4GB/512GB - Moi 100%,Vivo,X100 Pro,4GB,512GB,35890000.0,35390000.0,Con hang,Moi 100%,CellphoneS,2026-06-11
PROD_TGD_100806,Dien thoai Realme Realme 12 Rest 4GB/64GB - Moi 100%,Realme,Realme 12 Rest,4GB,64GB,40470000.0,39970000.0,Con hang,Moi 100%,TGDD,2026-06-11
PROD_TGD_100807,Dien thoai Apple iPhone 14 Pro 12GB/256GB - Moi 100%,Apple,iPhone 14 Pro,12GB,256GB,32180000.0,32180000.0,Het hang,Moi 100%,TGDD,2026-06-11
PROD_CEL_100808,Dien thoai Samsung Galaxy S24 Ultra 12GB/1TB - Moi 100%,Samsung,Galaxy S24 Ultra,12GB,1TB,30410000.0,29410000.0,Con hang,Moi 100%,CellphoneS,2026-06-11
PROD_TGD_100809,Dien thoai Vivo V30 5G 12GB/64GB - Moi 100%,Vivo,V30 5G,12GB,64GB,39200000.0,37200000.0,Con hang,Moi 100%,TGDD,2026-06-11
PROD_TGD_100810,Dien thoai Realme Realme C65 6GB/512GB - Moi 100%,realme,Realme C65,6GB,512GB,38110000.0,,Con hang,Moi 100%,TGDD,2026-06-11
PROD_TGD_100811,Dien thoai Oppo A78 6GB/256GB - Moi 100%,Oppo,A78,6GB,256GB,31530000.0,30530000.0,Con hang,Moi 100%,TGDD,2026-06-11
PROD_TGD_100812,Dien thoai Oppo Find N3 Flip 12GB/1TB - Moi 100%,Oppo,Find N3 Flip,12GB,1TB,31240000.0,29240000.0,Con hang,Moi 100%,TGDD,2026-06-11
PROD_CEL_100813,Dien thoai Vivo V30 5G 12GB/256GB - Moi 100%,Vivo,V30 5G,12GB,256GB,34000000.0,34000000.0,Con hang,Moi 100%,CellphoneS,2026-06-11
PROD_CEL_100814,Dien thoai Xiaomi Poco X6 Pro 12GB/128GB - Moi 100%,Xiaomi,Poco X6 Pro,12GB,128GB,30420000.0,29920000.0,Con hang,Moi 100%,CellphoneS,2026-06-11
PROD_CEL_100815,Dien thoai Oppo Reno11 F 16GB/64GB - Moi 100%,Oppo,Reno11 F,16GB,64GB,33880000.0,33380000.0,Con hang,Moi 100%,CellphoneS,2026-06-11
PROD_TGD_100816,Dien thoai Vivo Y100 8GB/512GB - Moi 100%,Vivo,Y100,8GB,512GB,37640000.0,36640000.0,Con hang,Moi 100%,TGDD,2026-06-11
PROD_CEL_100817,Dien thoai Realme Realme Note 50 16GB/256GB - Moi 100%,Realme,Realme Note 50,16GB,256GB,37480000.0,36980000.0,Con hang,Moi 100%,CellphoneS,2026-06-11
PROD_TGD_100818,Dien thoai Realme Realme 12 Rest 4GB/512GB - Moi 100%,Realme,Realme 12 Rest,4GB,512GB,38630000.0,38130000.0,Con hang,Moi 100%,TGDD,2026-06-11
PROD_CEL_100819,Dien thoai Oppo Reno11 F 12GB/1TB - Moi 100%,Oppo,Reno11 F,12GB,1TB,36660000.0,36660000.0,Con hang,Moi 100%,CellphoneS,2026-06-11
PROD_TGD_100820,Dien thoai Xiaomi Redmi Note 13 6GB/1TB - Moi 100%,Xiaomi,Redmi Note 13,6GB,1TB,30450000.0,29450000.0,Con hang,Moi 100%,TGDD,2026-06-11
PROD_CEL_100821,Dien thoai Apple iPhone 15 Pro Max 16GB/1TB - Moi 100%,Apple,iPhone 15 Pro Max,16GB,1TB,33710000.0,33210000.0,Het hang,Moi 100%,CellphoneS,2026-06-11
PROD_TGD_100822,Dien thoai Apple iPhone 15 Pro Max 12GB/128GB - Moi 100%,Apple,iPhone 15 Pro Max,12GB,128GB,34560000.0,34560000.0,Con hang,Moi 100%,TGDD,2026-06-11
PROD_TGD_100823,Dien thoai Realme Realme C65 6GB/64GB - Moi 100%,Realme,Realme C65,6GB,64GB,44430000.0,42430000.0,Con hang,Moi 100%,TGDD,2026-06-11
PROD_TGD_100824,Dien thoai Apple iPhone 13 8GB/128GB - Moi 100%,Apple,iPhone 13,8GB,128GB,31020000.0,31020000.0,Con hang,Moi 100%,TGDD,2026-06-11
PROD_CEL_100825,Dien thoai Samsung Galaxy A55 6GB/1TB - Moi 100%,samsung,Galaxy A55,6GB,1TB,38640000.0,38140000.0,Con hang,Moi 100%,CellphoneS,2026-06-11
PROD_TGD_100826,Dien thoai Samsung Galaxy A55 16GB/512GB - Moi 100%,Samsung,Galaxy A55,16GB,512GB,39690000.0,37690000.0,Con hang,Moi 100%,TGDD,2026-06-11
PROD_CEL_100827,Dien thoai Oppo Find N3 Flip 4GB/1TB - Moi 100%,Oppo,Find N3 Flip,4GB,1TB,33800000.0,33300000.0,Con hang,Moi 100%,CellphoneS,2026-06-11
PROD_TGD_100828,Dien thoai Oppo Find N3 Flip 12GB/1TB - Moi 100%,Oppo,Find N3 Flip,12GB,1TB,35410000.0,33410000.0,Con hang,Moi 100%,TGDD,2026-06-11
PROD_TGD_100829,Dien thoai Realme Realme 12 Rest 12GB/256GB - Moi 100%,Realme,Realme 12 Rest,12GB,256GB,36530000.0,36530000.0,Con hang,Moi 100%,TGDD,2026-06-11
PROD_CEL_100830,Dien thoai Vivo X100 Pro 16GB/256GB - Moi 100%,Vivo,X100 Pro,16GB,256GB,43950000.0,43450000.0,Con hang,Moi 100%,CellphoneS,2026-06-11
PROD_CEL_100831,Dien thoai Samsung Galaxy A55 6GB/256GB - Moi 100%,Samsung,Galaxy A55,6GB,256GB,33340000.0,32840000.0,Con hang,Moi 100%,CellphoneS,2026-06-11
PROD_TGD_100832,Dien thoai Oppo Reno11 F 6GB/256GB - Da kich hoat,Oppo,Reno11 F,6GB,256GB,41050000.0,40050000.0,Con hang,Da kich hoat,TGDD,2026-06-11
PROD_CEL_100833,Dien thoai Xiaomi Poco X6 Pro 8GB/1TB - Moi 100%,Xiaomi,Poco X6 Pro,8GB,1TB,33390000.0,32390000.0,Con hang,Moi 100%,CellphoneS,2026-06-11
PROD_CEL_100834,Dien thoai Xiaomi Xiaomi 14 6GB/256GB - Moi 100%,Xiaomi,Xiaomi 14,6GB,256GB,39750000.0,38750000.0,Con hang,Moi 100%,CellphoneS,2026-06-11
PROD_TGD_100835,Dien thoai Realme Realme C65 8GB/512GB - Moi 100%,Realme,Realme C65,8GB,512GB,34850000.0,32850000.0,Con hang,Moi 100%,TGDD,2026-06-11
PROD_TGD_100836,Dien thoai Vivo X100 Pro 12GB/64GB - Moi 100%,Vivo,X100 Pro,12GB,64GB,35430000.0,34930000.0,Con hang,Moi 100%,TGDD,2026-06-11
PROD_CEL_100837,Dien thoai Vivo X100 Pro 16GB/512GB - Moi 100%,Vivo,X100 Pro,16GB,512GB,36470000.0,35470000.0,Con hang,Moi 100%,CellphoneS,2026-06-11
PROD_CEL_100838,Dien thoai Xiaomi Redmi Note 13 4GB/1TB - Moi 100%,Xiaomi,Redmi Note 13,4GB,1TB,40720000.0,38720000.0,Het hang,Moi 100%,CellphoneS,2026-06-11
PROD_CEL_100839,Dien thoai Apple iPhone 13 4GB/64GB - Moi 100%,Apple,iPhone 13,4GB,64GB,38870000.0,37870000.0,Con hang,Moi 100%,CellphoneS,2026-06-11
PROD_TGD_100840,Dien thoai Oppo Find N3 Flip 8GB/1TB - Moi 100%,oppo,Find N3 Flip,8GB,1TB,33880000.0,33380000.0,Con hang,Moi 100%,TGDD,2026-06-11
PROD_TGD_100841,Dien thoai Realme Realme Note 50 16GB/512GB - Moi 100%,Realme,Realme Note 50,16GB,512GB,35550000.0,35050000.0,Con hang,Moi 100%,TGDD,2026-06-11
PROD_CEL_100842,Dien thoai Oppo A78 12GB/64GB - Moi 100%,Oppo,A78,12GB,64GB,31420000.0,29420000.0,Con hang,Moi 100%,CellphoneS,2026-06-11
PROD_CEL_100843,Dien thoai Realme Realme C65 6GB/512GB - Moi 100%,Realme,Realme C65,6GB,512GB,44000000.0,44000000.0,Het hang,Moi 100%,CellphoneS,2026-06-11
PROD_TGD_100844,Dien thoai Realme Realme 12 Rest 4GB/128GB - Da kich hoat,Realme,Realme 12 Rest,4GB,128GB,30320000.0,29320000.0,Con hang,Da kich hoat,TGDD,2026-06-11
PROD_CEL_100845,Dien thoai Vivo V30 5G 12GB/64GB - Moi 100%,Vivo,V30 5G,12GB,64GB,43670000.0,41670000.0,Con hang,Moi 100%,CellphoneS,2026-06-11
PROD_TGD_100846,Dien thoai Realme Realme 12 Rest 4GB/1TB - Moi 100%,Realme,Realme 12 Rest,4GB,1TB,39550000.0,39050000.0,Con hang,Moi 100%,TGDD,2026-06-11
PROD_TGD_100847,Dien thoai Vivo V30 5G 16GB/256GB - Moi 100%,Vivo,V30 5G,16GB,256GB,40070000.0,39570000.0,Con hang,Moi 100%,TGDD,2026-06-11
PROD_CEL_100848,Dien thoai Samsung Galaxy A55 6GB/512GB - Moi 100%,Samsung,Galaxy A55,6GB,512GB,43690000.0,42690000.0,Con hang,Moi 100%,CellphoneS,2026-06-11
PROD_TGD_100849,Dien thoai Xiaomi Redmi Note 13 16GB/128GB - Moi 100%,Xiaomi,Redmi Note 13,16GB,128GB,44460000.0,42460000.0,Con hang,Moi 100%,TGDD,2026-06-11
PROD_CEL_100850,Dien thoai Apple iPhone 14 Pro 8GB/512GB - Da kich hoat,Apple,iPhone 14 Pro,8GB,512GB,37280000.0,36780000.0,Con hang,Da kich hoat,CellphoneS,2026-06-11
PROD_CEL_100851,Dien thoai Apple iPhone 15 Pro Max 4GB/512GB - Moi 100%,Apple,iPhone 15 Pro Max,4GB,512GB,41680000.0,41180000.0,Het hang,Moi 100%,CellphoneS,2026-06-11
PROD_CEL_100852,Dien thoai Xiaomi Poco X6 Pro 4GB/1TB - Moi 100%,Xiaomi,Poco X6 Pro,4GB,1TB,40230000.0,39230000.0,Con hang,Moi 100%,CellphoneS,2026-06-11
PROD_TGD_100853,Dien thoai Samsung Galaxy S24 Ultra 6GB/512GB - Moi 100%,Samsung,Galaxy S24 Ultra,6GB,512GB,30500000.0,30500000.0,Het hang,Moi 100%,TGDD,2026-06-11
PROD_TGD_100854,Dien thoai Xiaomi Poco X6 Pro 8GB/128GB - Hang trung bay,Xiaomi,Poco X6 Pro,8GB,128GB,30860000.0,28860000.0,Con hang,Hang trung bay,TGDD,2026-06-11
PROD_TGD_100855,Dien thoai Oppo Find N3 Flip 12GB/64GB - Moi 100%,oppo,Find N3 Flip,12GB,64GB,36390000.0,,Het hang,Moi 100%,TGDD,2026-06-11
PROD_TGD_100856,Dien thoai Oppo Find N3 Flip 12GB/1TB - Da kich hoat,Oppo,Find N3 Flip,12GB,1TB,38590000.0,36590000.0,Con hang,Da kich hoat,TGDD,2026-06-11
PROD_TGD_100857,Dien thoai Vivo V30 5G 6GB/1TB - Moi 100%,Vivo,V30 5G,6GB,1TB,36250000.0,35250000.0,Het hang,Moi 100%,TGDD,2026-06-11
PROD_TGD_100858,Dien thoai Oppo Find N3 Flip 4GB/64GB - Moi 100%,Oppo,Find N3 Flip,4GB,64GB,34600000.0,34100000.0,Con hang,Moi 100%,TGDD,2026-06-11
PROD_TGD_100859,Dien thoai Oppo Find N3 Flip 16GB/128GB - Moi 100%,Oppo,Find N3 Flip,16GB,128GB,38060000.0,36060000.0,Con hang,Moi 100%,TGDD,2026-06-11
PROD_TGD_100860,Dien thoai Samsung Galaxy S24 Ultra 12GB/1TB - Moi 100%,Samsung,Galaxy S24 Ultra,12GB,1TB,38590000.0,37590000.0,Con hang,Moi 100%,TGDD,2026-06-11
PROD_TGD_100861,Dien thoai Apple iPhone 15 Pro Max 4GB/1TB - Moi 100%,Apple,iPhone 15 Pro Max,4GB,1TB,36710000.0,34710000.0,Het hang,Moi 100%,TGDD,2026-06-11
PROD_TGD_100862,Dien thoai Oppo Find N3 Flip 8GB/512GB - Moi 100%,Oppo,Find N3 Flip,8GB,512GB,30200000.0,29700000.0,Con hang,Moi 100%,TGDD,2026-06-11
PROD_TGD_100863,Dien thoai Vivo V30 5G 8GB/256GB - Moi 100%,Vivo,V30 5G,8GB,256GB,44950000.0,44950000.0,Con hang,Moi 100%,TGDD,2026-06-11
PROD_TGD_100864,Dien thoai Oppo A78 16GB/128GB - Moi 100%,Oppo,A78,16GB,128GB,33920000.0,33920000.0,Con hang,Moi 100%,TGDD,2026-06-11
PROD_CEL_100865,Dien thoai Realme Realme C65 6GB/128GB - Da kich hoat,Realme,Realme C65,6GB,128GB,30040000.0,29540000.0,Het hang,Da kich hoat,CellphoneS,2026-06-11
PROD_TGD_100866,Dien thoai Realme Realme 12 Rest 16GB/64GB - Moi 100%,Realme,Realme 12 Rest,16GB,64GB,42570000.0,41570000.0,Con hang,Moi 100%,TGDD,2026-06-11
PROD_TGD_100867,Dien thoai Apple iPhone 14 Pro 16GB/256GB - Moi 100%,Apple,iPhone 14 Pro,16GB,256GB,34020000.0,33020000.0,Het hang,Moi 100%,TGDD,2026-06-11
PROD_TGD_100868,Dien thoai Apple iPhone 14 Pro 6GB/64GB - Moi 100%,Apple,iPhone 14 Pro,6GB,64GB,31000000.0,31000000.0,Het hang,Moi 100%,TGDD,2026-06-11
PROD_CEL_100869,Dien thoai Apple iPhone 13 12GB/256GB - Moi 100%,Apple,iPhone 13,12GB,256GB,36280000.0,35280000.0,Con hang,Moi 100%,CellphoneS,2026-06-11
PROD_TGD_100870,Dien thoai Xiaomi Poco X6 Pro 6GB/1TB - Moi 100%,xiaomi,Poco X6 Pro,6GB,1TB,42020000.0,41020000.0,Con hang,Moi 100%,TGDD,2026-06-11
PROD_CEL_100871,Dien thoai Oppo Find N3 Flip 4GB/64GB - Moi 100%,Oppo,Find N3 Flip,4GB,64GB,40810000.0,40810000.0,Con hang,Moi 100%,CellphoneS,2026-06-11
PROD_TGD_100872,Dien thoai Xiaomi Xiaomi 14 12GB/256GB - Da kich hoat,Xiaomi,Xiaomi 14,12GB,256GB,35310000.0,34310000.0,Con hang,Da kich hoat,TGDD,2026-06-11
PROD_CEL_100873,Dien thoai Realme Realme C65 12GB/256GB - Moi 100%,Realme,Realme C65,12GB,256GB,35550000.0,34550000.0,Het hang,Moi 100%,CellphoneS,2026-06-11
PROD_CEL_100874,Dien thoai Vivo V30 5G 8GB/512GB - Moi 100%,Vivo,V30 5G,8GB,512GB,44090000.0,44090000.0,Con hang,Moi 100%,CellphoneS,2026-06-11
PROD_TGD_100875,Dien thoai Realme Realme Note 50 8GB/512GB - Moi 100%,Realme,Realme Note 50,8GB,512GB,34750000.0,34250000.0,Con hang,Moi 100%,TGDD,2026-06-11
PROD_CEL_100876,Dien thoai Vivo V30 5G 16GB/128GB - Moi 100%,Vivo,V30 5G,16GB,128GB,41930000.0,41430000.0,Con hang,Moi 100%,CellphoneS,2026-06-11
PROD_CEL_100877,Dien thoai Xiaomi Xiaomi 14 6GB/256GB - Moi 100%,Xiaomi,Xiaomi 14,6GB,256GB,35800000.0,34800000.0,Het hang,Moi 100%,CellphoneS,2026-06-11
PROD_TGD_100878,Dien thoai Realme Realme C65 6GB/128GB - Moi 100%,Realme,Realme C65,6GB,128GB,38940000.0,38440000.0,Con hang,Moi 100%,TGDD,2026-06-11
PROD_CEL_100879,Dien thoai Realme Realme 12 Rest 12GB/64GB - Moi 100%,Realme,Realme 12 Rest,12GB,64GB,41750000.0,40750000.0,Het hang,Moi 100%,CellphoneS,2026-06-11
PROD_CEL_100880,Dien thoai Realme Realme 12 Rest 8GB/1TB - Moi 100%,Realme,Realme 12 Rest,8GB,1TB,,44270000.0,Con hang,Moi 100%,CellphoneS,2026-06-11
PROD_TGD_100881,Dien thoai Apple iPhone 13 4GB/64GB - Moi 100%,Apple,iPhone 13,4GB,64GB,42050000.0,41550000.0,Het hang,Moi 100%,TGDD,2026-06-11
PROD_TGD_100882,Dien thoai Realme Realme C65 6GB/128GB - Moi 100%,Realme,Realme C65,6GB,128GB,43250000.0,42750000.0,Con hang,Moi 100%,TGDD,2026-06-11
PROD_TGD_100883,Dien thoai Realme Realme C65 8GB/1TB - Moi 100%,Realme,Realme C65,8GB,1TB,44450000.0,43950000.0,Het hang,Moi 100%,TGDD,2026-06-11
PROD_CEL_100884,Dien thoai Apple iPhone 13 8GB/512GB - Moi 100%,Apple,iPhone 13,8GB,512GB,31210000.0,30210000.0,Con hang,Moi 100%,CellphoneS,2026-06-11
PROD_CEL_100885,Dien thoai Samsung Galaxy Z Fold6 12GB/512GB - Moi 100%,samsung,Galaxy Z Fold6,12GB,512GB,43380000.0,42380000.0,Con hang,Moi 100%,CellphoneS,2026-06-11
PROD_CEL_100886,Dien thoai Oppo Reno11 F 12GB/256GB - Moi 100%,Oppo,Reno11 F,12GB,256GB,37010000.0,36010000.0,Con hang,Moi 100%,CellphoneS,2026-06-11
PROD_CEL_100887,Dien thoai Vivo X100 Pro 12GB/64GB - Moi 100%,Vivo,X100 Pro,12GB,64GB,37580000.0,37580000.0,Con hang,Moi 100%,CellphoneS,2026-06-11
PROD_CEL_100888,Dien thoai Apple iPhone 13 8GB/256GB - Moi 100%,Apple,iPhone 13,8GB,256GB,38510000.0,38010000.0,Con hang,Moi 100%,CellphoneS,2026-06-11
PROD_CEL_100889,Dien thoai Samsung Galaxy A55 8GB/64GB - Moi 100%,Samsung,Galaxy A55,8GB,64GB,37890000.0,37390000.0,Con hang,Moi 100%,CellphoneS,2026-06-11
PROD_TGD_100890,Dien thoai Oppo Find N3 Flip 12GB/512GB - Hang trung bay,Oppo,Find N3 Flip,12GB,512GB,39810000.0,39810000.0,Con hang,Hang trung bay,TGDD,2026-06-11
PROD_TGD_100891,Dien thoai Apple iPhone 14 Pro 4GB/512GB - Hang trung bay,Apple,iPhone 14 Pro,4GB,512GB,44290000.0,43290000.0,Con hang,Hang trung bay,TGDD,2026-06-11
PROD_CEL_100892,Dien thoai Samsung Galaxy Z Fold6 16GB/512GB - Moi 100%,Samsung,Galaxy Z Fold6,16GB,512GB,37540000.0,37040000.0,Con hang,Moi 100%,CellphoneS,2026-06-11
PROD_CEL_100893,Dien thoai Realme Realme Note 50 16GB/1TB - Moi 100%,Realme,Realme Note 50,16GB,1TB,35120000.0,35120000.0,Con hang,Moi 100%,CellphoneS,2026-06-11
PROD_TGD_100894,Dien thoai Vivo Y100 6GB/512GB - Moi 100%,Vivo,Y100,6GB,512GB,34300000.0,32300000.0,Con hang,Moi 100%,TGDD,2026-06-11
PROD_TGD_100895,Dien thoai Apple iPhone 13 8GB/1TB - Moi 100%,Apple,iPhone 13,8GB,1TB,38080000.0,38080000.0,Con hang,Moi 100%,TGDD,2026-06-11
PROD_TGD_100896,Dien thoai Oppo Reno11 F 16GB/1TB - Moi 100%,Oppo,Reno11 F,16GB,1TB,42490000.0,40490000.0,Con hang,Moi 100%,TGDD,2026-06-11
PROD_TGD_100897,Dien thoai Oppo Reno11 F 12GB/1TB - Moi 100%,Oppo,Reno11 F,12GB,1TB,34520000.0,34520000.0,Con hang,Moi 100%,TGDD,2026-06-11
PROD_TGD_100898,Dien thoai Samsung Galaxy S24 Ultra 16GB/256GB - Moi 100%,Samsung,Galaxy S24 Ultra,16GB,256GB,40150000.0,38150000.0,Con hang,Moi 100%,TGDD,2026-06-11
PROD_CEL_100899,Dien thoai Vivo V30 5G 6GB/256GB - Moi 100%,Vivo,V30 5G,6GB,256GB,35840000.0,35840000.0,Het hang,Moi 100%,CellphoneS,2026-06-11
PROD_CEL_100900,Dien thoai Xiaomi Poco X6 Pro 8GB/1TB - Moi 100%,xiaomi,Poco X6 Pro,8GB,1TB,41030000.0,,Con hang,Moi 100%,CellphoneS,2026-06-11
PROD_TGD_100901,Dien thoai Samsung Galaxy S24 Ultra 8GB/64GB - Moi 100%,Samsung,Galaxy S24 Ultra,8GB,64GB,31130000.0,30130000.0,Con hang,Moi 100%,TGDD,2026-06-11
PROD_CEL_100902,Dien thoai Samsung Galaxy A55 6GB/256GB - Moi 100%,Samsung,Galaxy A55,6GB,256GB,39390000.0,39390000.0,Con hang,Moi 100%,CellphoneS,2026-06-11
PROD_TGD_100903,Dien thoai Samsung Galaxy Z Fold6 8GB/512GB - Da kich hoat,Samsung,Galaxy Z Fold6,8GB,512GB,44190000.0,43690000.0,Het hang,Da kich hoat,TGDD,2026-06-11
PROD_CEL_100904,Dien thoai Realme Realme C65 16GB/128GB - Moi 100%,Realme,Realme C65,16GB,128GB,40860000.0,38860000.0,Con hang,Moi 100%,CellphoneS,2026-06-11
PROD_CEL_100905,Dien thoai Xiaomi Redmi Note 13 6GB/64GB - Moi 100%,Xiaomi,Redmi Note 13,6GB,64GB,30010000.0,29510000.0,Con hang,Moi 100%,CellphoneS,2026-06-11
PROD_TGD_100906,Dien thoai Samsung Galaxy S24 Ultra 16GB/1TB - Moi 100%,Samsung,Galaxy S24 Ultra,16GB,1TB,43600000.0,42600000.0,Con hang,Moi 100%,TGDD,2026-06-11
PROD_TGD_100907,Dien thoai Oppo Reno11 F 6GB/1TB - Moi 100%,Oppo,Reno11 F,6GB,1TB,40970000.0,38970000.0,Con hang,Moi 100%,TGDD,2026-06-11
PROD_TGD_100908,Dien thoai Oppo Find N3 Flip 6GB/64GB - Moi 100%,Oppo,Find N3 Flip,6GB,64GB,34220000.0,34220000.0,Het hang,Moi 100%,TGDD,2026-06-11
PROD_TGD_100909,Dien thoai Samsung Galaxy S24 Ultra 8GB/1TB - Moi 100%,Samsung,Galaxy S24 Ultra,8GB,1TB,30370000.0,29370000.0,Het hang,Moi 100%,TGDD,2026-06-11
PROD_TGD_100910,Dien thoai Samsung Galaxy S24 Ultra 6GB/1TB - Moi 100%,Samsung,Galaxy S24 Ultra,6GB,1TB,34900000.0,32900000.0,Con hang,Moi 100%,TGDD,2026-06-11
PROD_CEL_100911,Dien thoai Xiaomi Poco X6 Pro 8GB/256GB - Da kich hoat,Xiaomi,Poco X6 Pro,8GB,256GB,34130000.0,33130000.0,Con hang,Da kich hoat,CellphoneS,2026-06-11
PROD_TGD_100912,Dien thoai Vivo X100 Pro 8GB/128GB - Moi 100%,Vivo,X100 Pro,8GB,128GB,33110000.0,33110000.0,Con hang,Moi 100%,TGDD,2026-06-11
PROD_CEL_100913,Dien thoai Vivo Y100 6GB/256GB - Moi 100%,Vivo,Y100,6GB,256GB,38820000.0,38820000.0,Con hang,Moi 100%,CellphoneS,2026-06-11
PROD_CEL_100914,Dien thoai Oppo A78 4GB/128GB - Moi 100%,Oppo,A78,4GB,128GB,40000000.0,39000000.0,Con hang,Moi 100%,CellphoneS,2026-06-11
PROD_TGD_100915,Dien thoai Apple iPhone 14 Pro 16GB/256GB - Moi 100%,apple,iPhone 14 Pro,16GB,256GB,32020000.0,31520000.0,Con hang,Moi 100%,TGDD,2026-06-11
PROD_TGD_100916,Dien thoai Realme Realme 12 Rest 6GB/256GB - Moi 100%,Realme,Realme 12 Rest,6GB,256GB,33680000.0,31680000.0,Con hang,Moi 100%,TGDD,2026-06-11
PROD_TGD_100917,Dien thoai Realme Realme Note 50 16GB/256GB - Moi 100%,Realme,Realme Note 50,16GB,256GB,44160000.0,44160000.0,Con hang,Moi 100%,TGDD,2026-06-11
PROD_TGD_100918,Dien thoai Xiaomi Xiaomi 14 4GB/64GB - Moi 100%,Xiaomi,Xiaomi 14,4GB,64GB,36190000.0,35690000.0,Con hang,Moi 100%,TGDD,2026-06-11
PROD_CEL_100919,Dien thoai Samsung Galaxy A55 12GB/1TB - Moi 100%,Samsung,Galaxy A55,12GB,1TB,41410000.0,40410000.0,Con hang,Moi 100%,CellphoneS,2026-06-11
PROD_CEL_100920,Dien thoai Apple iPhone 13 4GB/64GB - Moi 100%,Apple,iPhone 13,4GB,64GB,31270000.0,30270000.0,Con hang,Moi 100%,CellphoneS,2026-06-11
PROD_CEL_100921,Dien thoai Samsung Galaxy Z Fold6 4GB/128GB - Moi 100%,Samsung,Galaxy Z Fold6,4GB,128GB,35700000.0,35700000.0,Het hang,Moi 100%,CellphoneS,2026-06-11
PROD_CEL_100922,Dien thoai Xiaomi Redmi Note 13 12GB/1TB - Moi 100%,Xiaomi,Redmi Note 13,12GB,1TB,42270000.0,42270000.0,Con hang,Moi 100%,CellphoneS,2026-06-11
PROD_CEL_100923,Dien thoai Vivo Y100 12GB/256GB - Moi 100%,Vivo,Y100,12GB,256GB,42210000.0,41710000.0,Con hang,Moi 100%,CellphoneS,2026-06-11
PROD_TGD_100924,Dien thoai Samsung Galaxy Z Fold6 12GB/64GB - Moi 100%,Samsung,Galaxy Z Fold6,12GB,64GB,33070000.0,31070000.0,Con hang,Moi 100%,TGDD,2026-06-11
PROD_CEL_100925,Dien thoai Realme Realme Note 50 12GB/256GB - Moi 100%,Realme,Realme Note 50,12GB,256GB,41360000.0,41360000.0,Con hang,Moi 100%,CellphoneS,2026-06-11
PROD_TGD_100926,Dien thoai Realme Realme Note 50 16GB/1TB - Moi 100%,Realme,Realme Note 50,16GB,1TB,30670000.0,30170000.0,Con hang,Moi 100%,TGDD,2026-06-11
PROD_CEL_100927,Dien thoai Samsung Galaxy A55 12GB/1TB - Moi 100%,Samsung,Galaxy A55,12GB,1TB,33410000.0,31410000.0,Con hang,Moi 100%,CellphoneS,2026-06-11
PROD_CEL_100928,Dien thoai Samsung Galaxy Z Fold6 4GB/256GB - Moi 100%,Samsung,Galaxy Z Fold6,4GB,256GB,42530000.0,42030000.0,Con hang,Moi 100%,CellphoneS,2026-06-11
PROD_TGD_100929,Dien thoai Xiaomi Redmi Note 13 8GB/1TB - Moi 100%,Xiaomi,Redmi Note 13,8GB,1TB,31030000.0,30030000.0,Con hang,Moi 100%,TGDD,2026-06-11
PROD_CEL_100930,Dien thoai Samsung Galaxy Z Fold6 12GB/512GB - Moi 100%,samsung,Galaxy Z Fold6,12GB,512GB,34360000.0,34360000.0,Con hang,Moi 100%,CellphoneS,2026-06-11
PROD_CEL_100931,Dien thoai Vivo Y100 16GB/128GB - Moi 100%,Vivo,Y100,16GB,128GB,40670000.0,39670000.0,Con hang,Moi 100%,CellphoneS,2026-06-11
PROD_CEL_100932,Dien thoai Oppo A78 8GB/256GB - Moi 100%,Oppo,A78,8GB,256GB,36880000.0,34880000.0,Con hang,Moi 100%,CellphoneS,2026-06-11
PROD_CEL_100933,Dien thoai Oppo A78 8GB/1TB - Moi 100%,Oppo,A78,8GB,1TB,36380000.0,35880000.0,Con hang,Moi 100%,CellphoneS,2026-06-11
PROD_TGD_100934,Dien thoai Xiaomi Xiaomi 14 6GB/1TB - Moi 100%,Xiaomi,Xiaomi 14,6GB,1TB,30380000.0,29380000.0,Con hang,Moi 100%,TGDD,2026-06-11
PROD_CEL_100935,Dien thoai Apple iPhone 14 Pro 12GB/64GB - Moi 100%,Apple,iPhone 14 Pro,12GB,64GB,31430000.0,31430000.0,Con hang,Moi 100%,CellphoneS,2026-06-11
PROD_TGD_100936,Dien thoai Oppo Reno11 F 12GB/1TB - Moi 100%,Oppo,Reno11 F,12GB,1TB,33570000.0,31570000.0,Con hang,Moi 100%,TGDD,2026-06-11
PROD_CEL_100937,Dien thoai Realme Realme C65 6GB/1TB - Moi 100%,Realme,Realme C65,6GB,1TB,35330000.0,34330000.0,Het hang,Moi 100%,CellphoneS,2026-06-11
PROD_TGD_100938,Dien thoai Vivo Y100 16GB/256GB - Moi 100%,Vivo,Y100,16GB,256GB,32030000.0,32030000.0,Con hang,Moi 100%,TGDD,2026-06-11
PROD_TGD_100939,Dien thoai Realme Realme Note 50 4GB/512GB - Moi 100%,Realme,Realme Note 50,4GB,512GB,43400000.0,42400000.0,Het hang,Moi 100%,TGDD,2026-06-11
PROD_TGD_100940,Dien thoai Samsung Galaxy A55 8GB/512GB - Moi 100%,Samsung,Galaxy A55,8GB,512GB,32630000.0,32130000.0,Con hang,Moi 100%,TGDD,2026-06-11
PROD_TGD_100941,Dien thoai Apple iPhone 13 8GB/64GB - Hang trung bay,Apple,iPhone 13,8GB,64GB,32420000.0,31420000.0,Con hang,Hang trung bay,TGDD,2026-06-11
PROD_CEL_100942,Dien thoai Xiaomi Xiaomi 14 12GB/512GB - Moi 100%,Xiaomi,Xiaomi 14,12GB,512GB,33860000.0,32860000.0,Con hang,Moi 100%,CellphoneS,2026-06-11
PROD_TGD_100943,Dien thoai Apple iPhone 15 Pro Max 6GB/128GB - Moi 100%,Apple,iPhone 15 Pro Max,6GB,128GB,40080000.0,40080000.0,Con hang,Moi 100%,TGDD,2026-06-11
PROD_CEL_100944,Dien thoai Realme Realme 12 Rest 16GB/256GB - Moi 100%,Realme,Realme 12 Rest,16GB,256GB,38980000.0,38980000.0,Con hang,Moi 100%,CellphoneS,2026-06-11
PROD_TGD_100945,Dien thoai Oppo Find N3 Flip 6GB/64GB - Moi 100%,oppo,Find N3 Flip,6GB,64GB,36310000.0,,Con hang,Moi 100%,TGDD,2026-06-11
PROD_TGD_100946,Dien thoai Xiaomi Poco X6 Pro 8GB/512GB - Moi 100%,Xiaomi,Poco X6 Pro,8GB,512GB,38510000.0,38010000.0,Con hang,Moi 100%,TGDD,2026-06-11
PROD_CEL_100947,Dien thoai Samsung Galaxy Z Fold6 4GB/512GB - Hang trung bay,Samsung,Galaxy Z Fold6,4GB,512GB,44310000.0,44310000.0,Con hang,Hang trung bay,CellphoneS,2026-06-11
PROD_CEL_100948,Dien thoai Xiaomi Poco X6 Pro 6GB/128GB - Moi 100%,Xiaomi,Poco X6 Pro,6GB,128GB,44840000.0,43840000.0,Het hang,Moi 100%,CellphoneS,2026-06-11
PROD_CEL_100949,Dien thoai Realme Realme 12 Rest 16GB/512GB - Moi 100%,Realme,Realme 12 Rest,16GB,512GB,42850000.0,41850000.0,Con hang,Moi 100%,CellphoneS,2026-06-11
PROD_CEL_100950,Dien thoai Oppo Reno11 F 4GB/512GB - Moi 100%,Oppo,Reno11 F,4GB,512GB,34330000.0,33330000.0,Con hang,Moi 100%,CellphoneS,2026-06-11
PROD_TGD_100951,Dien thoai Samsung Galaxy A55 12GB/64GB - Moi 100%,Samsung,Galaxy A55,12GB,64GB,33090000.0,32590000.0,Het hang,Moi 100%,TGDD,2026-06-11
PROD_CEL_100952,Dien thoai Oppo A78 16GB/256GB - Moi 100%,Oppo,A78,16GB,256GB,34460000.0,34460000.0,Con hang,Moi 100%,CellphoneS,2026-06-11
PROD_CEL_100953,Dien thoai Vivo X100 Pro 6GB/128GB - Moi 100%,Vivo,X100 Pro,6GB,128GB,35600000.0,34600000.0,Con hang,Moi 100%,CellphoneS,2026-06-11
PROD_TGD_100954,Dien thoai Vivo Y100 4GB/1TB - Moi 100%,Vivo,Y100,4GB,1TB,40840000.0,38840000.0,Con hang,Moi 100%,TGDD,2026-06-11
PROD_TGD_100955,Dien thoai Samsung Galaxy S24 Ultra 4GB/512GB - Moi 100%,Samsung,Galaxy S24 Ultra,4GB,512GB,44930000.0,43930000.0,Con hang,Moi 100%,TGDD,2026-06-11
PROD_CEL_100956,Dien thoai Oppo A78 16GB/64GB - Moi 100%,Oppo,A78,16GB,64GB,36310000.0,35310000.0,Con hang,Moi 100%,CellphoneS,2026-06-11
PROD_CEL_100957,Dien thoai Apple iPhone 14 Pro 16GB/256GB - Moi 100%,Apple,iPhone 14 Pro,16GB,256GB,37700000.0,37700000.0,Con hang,Moi 100%,CellphoneS,2026-06-11
PROD_CEL_100958,Dien thoai Vivo X100 Pro 4GB/512GB - Moi 100%,Vivo,X100 Pro,4GB,512GB,37870000.0,37870000.0,Con hang,Moi 100%,CellphoneS,2026-06-11
PROD_TGD_100959,Dien thoai Vivo Y100 8GB/512GB - Moi 100%,Vivo,Y100,8GB,512GB,43540000.0,41540000.0,Het hang,Moi 100%,TGDD,2026-06-11
PROD_CEL_100960,Dien thoai Xiaomi Redmi Note 13 4GB/256GB - Moi 100%,xiaomi,Redmi Note 13,4GB,256GB,,33770000.0,Con hang,Moi 100%,CellphoneS,2026-06-11
PROD_CEL_100961,Dien thoai Realme Realme Note 50 16GB/128GB - Hang trung bay,Realme,Realme Note 50,16GB,128GB,42150000.0,40150000.0,Con hang,Hang trung bay,CellphoneS,2026-06-11
PROD_CEL_100962,Dien thoai Realme Realme 12 Rest 12GB/512GB - Moi 100%,Realme,Realme 12 Rest,12GB,512GB,32200000.0,31700000.0,Con hang,Moi 100%,CellphoneS,2026-06-11
PROD_TGD_100963,Dien thoai Oppo Reno11 F 4GB/128GB - Moi 100%,Oppo,Reno11 F,4GB,128GB,38210000.0,38210000.0,Con hang,Moi 100%,TGDD,2026-06-11
PROD_CEL_100964,Dien thoai Vivo V30 5G 6GB/256GB - Moi 100%,Vivo,V30 5G,6GB,256GB,38380000.0,37880000.0,Con hang,Moi 100%,CellphoneS,2026-06-11
PROD_TGD_100965,Dien thoai Realme Realme Note 50 4GB/512GB - Moi 100%,Realme,Realme Note 50,4GB,512GB,43890000.0,41890000.0,Con hang,Moi 100%,TGDD,2026-06-11
PROD_TGD_100966,Dien thoai Samsung Galaxy Z Fold6 12GB/1TB - Moi 100%,Samsung,Galaxy Z Fold6,12GB,1TB,31680000.0,30680000.0,Het hang,Moi 100%,TGDD,2026-06-11
PROD_TGD_100967,Dien thoai Xiaomi Poco X6 Pro 6GB/128GB - Hang trung bay,Xiaomi,Poco X6 Pro,6GB,128GB,41970000.0,40970000.0,Con hang,Hang trung bay,TGDD,2026-06-11
PROD_CEL_100968,Dien thoai Realme Realme C65 12GB/256GB - Moi 100%,Realme,Realme C65,12GB,256GB,35740000.0,35240000.0,Con hang,Moi 100%,CellphoneS,2026-06-11
PROD_CEL_100969,Dien thoai Vivo V30 5G 8GB/64GB - Moi 100%,Vivo,V30 5G,8GB,64GB,44650000.0,43650000.0,Con hang,Moi 100%,CellphoneS,2026-06-11
PROD_CEL_100970,Dien thoai Vivo X100 Pro 6GB/256GB - Moi 100%,Vivo,X100 Pro,6GB,256GB,32910000.0,32410000.0,Het hang,Moi 100%,CellphoneS,2026-06-11
PROD_TGD_100971,Dien thoai Vivo X100 Pro 8GB/64GB - Da kich hoat,Vivo,X100 Pro,8GB,64GB,35690000.0,35190000.0,Con hang,Da kich hoat,TGDD,2026-06-11
PROD_CEL_100972,Dien thoai Samsung Galaxy A55 6GB/256GB - Moi 100%,Samsung,Galaxy A55,6GB,256GB,30770000.0,28770000.0,Con hang,Moi 100%,CellphoneS,2026-06-11
PROD_CEL_100973,Dien thoai Vivo Y100 8GB/256GB - Moi 100%,Vivo,Y100,8GB,256GB,44330000.0,43830000.0,Con hang,Moi 100%,CellphoneS,2026-06-11
PROD_TGD_100974,Dien thoai Realme Realme C65 6GB/1TB - Moi 100%,Realme,Realme C65,6GB,1TB,36390000.0,35390000.0,Con hang,Moi 100%,TGDD,2026-06-11
PROD_CEL_100975,Dien thoai Vivo X100 Pro 8GB/64GB - Moi 100%,vivo,X100 Pro,8GB,64GB,30010000.0,30010000.0,Con hang,Moi 100%,CellphoneS,2026-06-11
PROD_CEL_100976,Dien thoai Oppo A78 6GB/512GB - Da kich hoat,Oppo,A78,6GB,512GB,33120000.0,31120000.0,Con hang,Da kich hoat,CellphoneS,2026-06-11
PROD_CEL_100977,Dien thoai Apple iPhone 13 12GB/256GB - Moi 100%,Apple,iPhone 13,12GB,256GB,41610000.0,40610000.0,Con hang,Moi 100%,CellphoneS,2026-06-11
PROD_CEL_100978,Dien thoai Apple iPhone 15 Pro Max 16GB/256GB - Moi 100%,Apple,iPhone 15 Pro Max,16GB,256GB,44490000.0,43490000.0,Het hang,Moi 100%,CellphoneS,2026-06-11
PROD_CEL_100979,Dien thoai Xiaomi Redmi Note 13 12GB/256GB - Moi 100%,Xiaomi,Redmi Note 13,12GB,256GB,42630000.0,42630000.0,Con hang,Moi 100%,CellphoneS,2026-06-11
PROD_TGD_100980,Dien thoai Samsung Galaxy A55 4GB/128GB - Da kich hoat,Samsung,Galaxy A55,4GB,128GB,31680000.0,31680000.0,Con hang,Da kich hoat,TGDD,2026-06-11
PROD_TGD_100981,Dien thoai Samsung Galaxy S24 Ultra 16GB/128GB - Hang trung bay,Samsung,Galaxy S24 Ultra,16GB,128GB,38200000.0,38200000.0,Con hang,Hang trung bay,TGDD,2026-06-11
PROD_CEL_100982,Dien thoai Oppo A78 4GB/1TB - Moi 100%,Oppo,A78,4GB,1TB,36930000.0,36430000.0,Con hang,Moi 100%,CellphoneS,2026-06-11
PROD_CEL_100983,Dien thoai Oppo A78 16GB/512GB - Moi 100%,Oppo,A78,16GB,512GB,38780000.0,36780000.0,Con hang,Moi 100%,CellphoneS,2026-06-11
PROD_CEL_100984,Dien thoai Realme Realme Note 50 4GB/64GB - Moi 100%,Realme,Realme Note 50,4GB,64GB,39890000.0,37890000.0,Con hang,Moi 100%,CellphoneS,2026-06-11
PROD_TGD_100985,Dien thoai Oppo Find N3 Flip 16GB/256GB - Moi 100%,Oppo,Find N3 Flip,16GB,256GB,33620000.0,33620000.0,Het hang,Moi 100%,TGDD,2026-06-11
PROD_TGD_100986,Dien thoai Oppo A78 16GB/512GB - Moi 100%,Oppo,A78,16GB,512GB,37600000.0,37100000.0,Con hang,Moi 100%,TGDD,2026-06-11
PROD_CEL_100987,Dien thoai Vivo Y100 16GB/128GB - Da kich hoat,Vivo,Y100,16GB,128GB,40210000.0,39210000.0,Con hang,Da kich hoat,CellphoneS,2026-06-11
PROD_TGD_100988,Dien thoai Xiaomi Poco X6 Pro 12GB/512GB - Moi 100%,Xiaomi,Poco X6 Pro,12GB,512GB,42930000.0,41930000.0,Con hang,Moi 100%,TGDD,2026-06-11
PROD_TGD_100989,Dien thoai Oppo Reno11 F 6GB/1TB - Moi 100%,Oppo,Reno11 F,6GB,1TB,37350000.0,36850000.0,Con hang,Moi 100%,TGDD,2026-06-11
PROD_CEL_100990,Dien thoai Oppo Reno11 F 8GB/128GB - Moi 100%,oppo,Reno11 F,8GB,128GB,44170000.0,,Con hang,Moi 100%,CellphoneS,2026-06-11
PROD_CEL_100991,Dien thoai Samsung Galaxy S24 Ultra 8GB/1TB - Moi 100%,Samsung,Galaxy S24 Ultra,8GB,1TB,32230000.0,30230000.0,Het hang,Moi 100%,CellphoneS,2026-06-11
PROD_CEL_100992,Dien thoai Samsung Galaxy Z Fold6 12GB/256GB - Moi 100%,Samsung,Galaxy Z Fold6,12GB,256GB,40600000.0,40600000.0,Het hang,Moi 100%,CellphoneS,2026-06-11
PROD_TGD_100993,Dien thoai Oppo A78 16GB/128GB - Moi 100%,Oppo,A78,16GB,128GB,39230000.0,38730000.0,Con hang,Moi 100%,TGDD,2026-06-11
PROD_CEL_100994,Dien thoai Apple iPhone 13 8GB/128GB - Moi 100%,Apple,iPhone 13,8GB,128GB,38450000.0,37950000.0,Con hang,Moi 100%,CellphoneS,2026-06-11
PROD_CEL_100995,Dien thoai Samsung Galaxy S24 Ultra 4GB/64GB - Moi 100%,Samsung,Galaxy S24 Ultra,4GB,64GB,42490000.0,42490000.0,Con hang,Moi 100%,CellphoneS,2026-06-11
PROD_TGD_100996,Dien thoai Vivo Y100 8GB/512GB - Moi 100%,Vivo,Y100,8GB,512GB,34670000.0,34670000.0,Con hang,Moi 100%,TGDD,2026-06-11
PROD_TGD_100997,Dien thoai Oppo Reno11 F 8GB/512GB - Moi 100%,Oppo,Reno11 F,8GB,512GB,43180000.0,43180000.0,Con hang,Moi 100%,TGDD,2026-06-11
PROD_TGD_100998,Dien thoai Vivo Y100 16GB/512GB - Moi 100%,Vivo,Y100,16GB,512GB,40160000.0,39160000.0,Con hang,Moi 100%,TGDD,2026-06-11
PROD_CEL_100999,Dien thoai Vivo X100 Pro 16GB/1TB - Moi 100%,Vivo,X100 Pro,16GB,1TB,43500000.0,41500000.0,Con hang,Moi 100%,CellphoneS,2026-06-11
PROD_TGD_101000,Dien thoai Oppo Find N3 Flip 16GB/512GB - Moi 100%,Oppo,Find N3 Flip,16GB,512GB,32110000.0,30110000.0,Con hang,Moi 100%,TGDD,2026-06-11
PROD_TGD_101001,Dien thoai Samsung Galaxy S24 Ultra 16GB/128GB - Moi 100%,Samsung,Galaxy S24 Ultra,16GB,128GB,31110000.0,31110000.0,Con hang,Moi 100%,TGDD,2026-06-11
PROD_TGD_101002,Dien thoai Oppo Reno11 F 4GB/128GB - Moi 100%,Oppo,Reno11 F,4GB,128GB,32810000.0,32810000.0,Con hang,Moi 100%,TGDD,2026-06-11
PROD_CEL_101003,Dien thoai Oppo A78 16GB/128GB - Moi 100%,Oppo,A78,16GB,128GB,30530000.0,28530000.0,Con hang,Moi 100%,CellphoneS,2026-06-11
PROD_CEL_101004,Dien thoai Vivo Y100 6GB/128GB - Moi 100%,Vivo,Y100,6GB,128GB,32690000.0,32690000.0,Het hang,Moi 100%,CellphoneS,2026-06-11
PROD_TGD_101005,Dien thoai Apple iPhone 15 Pro Max 8GB/64GB - Moi 100%,apple,iPhone 15 Pro Max,8GB,64GB,44580000.0,42580000.0,Con hang,Moi 100%,TGDD,2026-06-11
PROD_TGD_101006,Dien thoai Vivo Y100 8GB/1TB - Da kich hoat,Vivo,Y100,8GB,1TB,34480000.0,32480000.0,Con hang,Da kich hoat,TGDD,2026-06-11
PROD_CEL_101007,Dien thoai Apple iPhone 15 Pro Max 6GB/1TB - Moi 100%,Apple,iPhone 15 Pro Max,6GB,1TB,34150000.0,33150000.0,Con hang,Moi 100%,CellphoneS,2026-06-11
PROD_TGD_101008,Dien thoai Oppo Find N3 Flip 4GB/128GB - Moi 100%,Oppo,Find N3 Flip,4GB,128GB,32600000.0,32600000.0,Con hang,Moi 100%,TGDD,2026-06-11
PROD_CEL_101009,Dien thoai Realme Realme 12 Rest 8GB/256GB - Moi 100%,Realme,Realme 12 Rest,8GB,256GB,37550000.0,35550000.0,Con hang,Moi 100%,CellphoneS,2026-06-11
PROD_TGD_101010,Dien thoai Vivo V30 5G 12GB/64GB - Moi 100%,Vivo,V30 5G,12GB,64GB,34830000.0,33830000.0,Con hang,Moi 100%,TGDD,2026-06-11
PROD_TGD_101011,Dien thoai Xiaomi Poco X6 Pro 12GB/256GB - Moi 100%,Xiaomi,Poco X6 Pro,12GB,256GB,33940000.0,32940000.0,Con hang,Moi 100%,TGDD,2026-06-11
PROD_CEL_101012,Dien thoai Vivo Y100 12GB/256GB - Moi 100%,Vivo,Y100,12GB,256GB,43880000.0,43380000.0,Het hang,Moi 100%,CellphoneS,2026-06-11
PROD_TGD_101013,Dien thoai Vivo Y100 12GB/128GB - Moi 100%,Vivo,Y100,12GB,128GB,30020000.0,29520000.0,Con hang,Moi 100%,TGDD,2026-06-11
PROD_CEL_101014,Dien thoai Apple iPhone 15 Pro Max 6GB/1TB - Moi 100%,Apple,iPhone 15 Pro Max,6GB,1TB,36580000.0,35580000.0,Con hang,Moi 100%,CellphoneS,2026-06-11
PROD_TGD_101015,Dien thoai Apple iPhone 15 Pro Max 4GB/256GB - Moi 100%,Apple,iPhone 15 Pro Max,4GB,256GB,43820000.0,42820000.0,Con hang,Moi 100%,TGDD,2026-06-11
PROD_TGD_101016,Dien thoai Vivo V30 5G 16GB/64GB - Moi 100%,Vivo,V30 5G,16GB,64GB,32020000.0,32020000.0,Con hang,Moi 100%,TGDD,2026-06-11
PROD_TGD_101017,Dien thoai Realme Realme 12 Rest 4GB/128GB - Hang trung bay,Realme,Realme 12 Rest,4GB,128GB,32240000.0,31240000.0,Con hang,Hang trung bay,TGDD,2026-06-11
PROD_CEL_101018,Dien thoai Apple iPhone 14 Pro 4GB/1TB - Moi 100%,Apple,iPhone 14 Pro,4GB,1TB,42280000.0,40280000.0,Con hang,Moi 100%,CellphoneS,2026-06-11
PROD_CEL_101019,Dien thoai Oppo Reno11 F 6GB/1TB - Moi 100%,Oppo,Reno11 F,6GB,1TB,34160000.0,33660000.0,Con hang,Moi 100%,CellphoneS,2026-06-11
PROD_CEL_101020,Dien thoai Samsung Galaxy A55 6GB/512GB - Moi 100%,samsung,Galaxy A55,6GB,512GB,30890000.0,30890000.0,Con hang,Moi 100%,CellphoneS,2026-06-11
PROD_CEL_101021,Dien thoai Apple iPhone 15 Pro Max 4GB/1TB - Moi 100%,Apple,iPhone 15 Pro Max,4GB,1TB,44310000.0,43310000.0,Con hang,Moi 100%,CellphoneS,2026-06-11
PROD_CEL_101022,Dien thoai Samsung Galaxy S24 Ultra 4GB/1TB - Moi 100%,Samsung,Galaxy S24 Ultra,4GB,1TB,43780000.0,42780000.0,Con hang,Moi 100%,CellphoneS,2026-06-11
PROD_CEL_101023,Dien thoai Apple iPhone 15 Pro Max 16GB/1TB - Moi 100%,Apple,iPhone 15 Pro Max,16GB,1TB,38550000.0,38050000.0,Con hang,Moi 100%,CellphoneS,2026-06-11
PROD_CEL_101024,Dien thoai Samsung Galaxy A55 6GB/1TB - Moi 100%,Samsung,Galaxy A55,6GB,1TB,35110000.0,33110000.0,Con hang,Moi 100%,CellphoneS,2026-06-11
PROD_CEL_101025,Dien thoai Apple iPhone 14 Pro 6GB/256GB - Moi 100%,Apple,iPhone 14 Pro,6GB,256GB,38510000.0,38510000.0,Con hang,Moi 100%,CellphoneS,2026-06-11
PROD_CEL_101026,Dien thoai Oppo Find N3 Flip 8GB/64GB - Moi 100%,Oppo,Find N3 Flip,8GB,64GB,31980000.0,30980000.0,Con hang,Moi 100%,CellphoneS,2026-06-11
PROD_TGD_101027,Dien thoai Vivo V30 5G 8GB/512GB - Moi 100%,Vivo,V30 5G,8GB,512GB,40720000.0,40220000.0,Con hang,Moi 100%,TGDD,2026-06-11
PROD_CEL_101028,Dien thoai Xiaomi Xiaomi 14 16GB/512GB - Moi 100%,Xiaomi,Xiaomi 14,16GB,512GB,41700000.0,41200000.0,Con hang,Moi 100%,CellphoneS,2026-06-11
PROD_TGD_101029,Dien thoai Realme Realme C65 16GB/256GB - Hang trung bay,Realme,Realme C65,16GB,256GB,35720000.0,33720000.0,Het hang,Hang trung bay,TGDD,2026-06-11
PROD_CEL_101030,Dien thoai Samsung Galaxy S24 Ultra 4GB/64GB - Moi 100%,Samsung,Galaxy S24 Ultra,4GB,64GB,38150000.0,37650000.0,Con hang,Moi 100%,CellphoneS,2026-06-11
PROD_TGD_101031,Dien thoai Vivo Y100 16GB/1TB - Moi 100%,Vivo,Y100,16GB,1TB,36600000.0,36600000.0,Con hang,Moi 100%,TGDD,2026-06-11
PROD_CEL_101032,Dien thoai Samsung Galaxy S24 Ultra 12GB/128GB - Moi 100%,Samsung,Galaxy S24 Ultra,12GB,128GB,40480000.0,38480000.0,Het hang,Moi 100%,CellphoneS,2026-06-11
PROD_CEL_101033,Dien thoai Vivo Y100 4GB/512GB - Hang trung bay,Vivo,Y100,4GB,512GB,42970000.0,42970000.0,Con hang,Hang trung bay,CellphoneS,2026-06-11
PROD_CEL_101034,Dien thoai Apple iPhone 13 16GB/64GB - Moi 100%,Apple,iPhone 13,16GB,64GB,31550000.0,30550000.0,Con hang,Moi 100%,CellphoneS,2026-06-11
PROD_TGD_101035,Dien thoai Realme Realme Note 50 16GB/128GB - Moi 100%,realme,Realme Note 50,16GB,128GB,34050000.0,,Con hang,Moi 100%,TGDD,2026-06-11
PROD_TGD_101036,Dien thoai Samsung Galaxy A55 4GB/128GB - Da kich hoat,Samsung,Galaxy A55,4GB,128GB,32140000.0,31640000.0,Con hang,Da kich hoat,TGDD,2026-06-11
PROD_CEL_101037,Dien thoai Apple iPhone 15 Pro Max 6GB/64GB - Moi 100%,Apple,iPhone 15 Pro Max,6GB,64GB,35980000.0,35980000.0,Con hang,Moi 100%,CellphoneS,2026-06-11
PROD_TGD_101038,Dien thoai Samsung Galaxy A55 12GB/512GB - Moi 100%,Samsung,Galaxy A55,12GB,512GB,33090000.0,31090000.0,Con hang,Moi 100%,TGDD,2026-06-11
PROD_CEL_101039,Dien thoai Xiaomi Poco X6 Pro 12GB/64GB - Moi 100%,Xiaomi,Poco X6 Pro,12GB,64GB,42040000.0,42040000.0,Con hang,Moi 100%,CellphoneS,2026-06-11
PROD_CEL_101040,Dien thoai Oppo A78 16GB/1TB - Moi 100%,Oppo,A78,16GB,1TB,,29820000.0,Het hang,Moi 100%,CellphoneS,2026-06-11
PROD_CEL_101041,Dien thoai Xiaomi Redmi Note 13 8GB/128GB - Moi 100%,Xiaomi,Redmi Note 13,8GB,128GB,39990000.0,39990000.0,Con hang,Moi 100%,CellphoneS,2026-06-11
PROD_CEL_101042,Dien thoai Apple iPhone 14 Pro 6GB/512GB - Da kich hoat,Apple,iPhone 14 Pro,6GB,512GB,36980000.0,36980000.0,Con hang,Da kich hoat,CellphoneS,2026-06-11
PROD_TGD_101043,Dien thoai Apple iPhone 13 6GB/1TB - Moi 100%,Apple,iPhone 13,6GB,1TB,35630000.0,33630000.0,Con hang,Moi 100%,TGDD,2026-06-11
PROD_TGD_101044,Dien thoai Apple iPhone 14 Pro 6GB/512GB - Moi 100%,Apple,iPhone 14 Pro,6GB,512GB,40020000.0,40020000.0,Het hang,Moi 100%,TGDD,2026-06-11
PROD_CEL_101045,Dien thoai Vivo Y100 8GB/1TB - Moi 100%,Vivo,Y100,8GB,1TB,35000000.0,34500000.0,Het hang,Moi 100%,CellphoneS,2026-06-11
PROD_TGD_101046,Dien thoai Oppo Reno11 F 16GB/256GB - Moi 100%,Oppo,Reno11 F,16GB,256GB,38540000.0,37540000.0,Con hang,Moi 100%,TGDD,2026-06-11
PROD_CEL_101047,Dien thoai Realme Realme Note 50 6GB/1TB - Moi 100%,Realme,Realme Note 50,6GB,1TB,40710000.0,40710000.0,Con hang,Moi 100%,CellphoneS,2026-06-11
PROD_TGD_101048,Dien thoai Apple iPhone 13 4GB/512GB - Hang trung bay,Apple,iPhone 13,4GB,512GB,34130000.0,33630000.0,Het hang,Hang trung bay,TGDD,2026-06-11
PROD_CEL_101049,Dien thoai Apple iPhone 15 Pro Max 6GB/256GB - Moi 100%,Apple,iPhone 15 Pro Max,6GB,256GB,44280000.0,43280000.0,Het hang,Moi 100%,CellphoneS,2026-06-11
PROD_CEL_101050,Dien thoai Realme Realme Note 50 12GB/256GB - Da kich hoat,realme,Realme Note 50,12GB,256GB,34600000.0,34100000.0,Con hang,Da kich hoat,CellphoneS,2026-06-11
PROD_TGD_101051,Dien thoai Samsung Galaxy A55 4GB/256GB - Moi 100%,Samsung,Galaxy A55,4GB,256GB,35830000.0,33830000.0,Het hang,Moi 100%,TGDD,2026-06-11
PROD_CEL_101052,Dien thoai Apple iPhone 15 Pro Max 4GB/256GB - Moi 100%,Apple,iPhone 15 Pro Max,4GB,256GB,30960000.0,30960000.0,Het hang,Moi 100%,CellphoneS,2026-06-11
PROD_TGD_101053,Dien thoai Realme Realme 12 Rest 12GB/1TB - Hang trung bay,Realme,Realme 12 Rest,12GB,1TB,34800000.0,34300000.0,Con hang,Hang trung bay,TGDD,2026-06-11
PROD_TGD_101054,Dien thoai Samsung Galaxy Z Fold6 8GB/256GB - Moi 100%,Samsung,Galaxy Z Fold6,8GB,256GB,33140000.0,33140000.0,Con hang,Moi 100%,TGDD,2026-06-11
PROD_TGD_101055,Dien thoai Apple iPhone 14 Pro 16GB/128GB - Moi 100%,Apple,iPhone 14 Pro,16GB,128GB,41300000.0,40800000.0,Con hang,Moi 100%,TGDD,2026-06-11
PROD_CEL_101056,Dien thoai Oppo A78 8GB/64GB - Moi 100%,Oppo,A78,8GB,64GB,42990000.0,41990000.0,Con hang,Moi 100%,CellphoneS,2026-06-11
PROD_TGD_101057,Dien thoai Realme Realme 12 Rest 16GB/128GB - Moi 100%,Realme,Realme 12 Rest,16GB,128GB,33640000.0,32640000.0,Het hang,Moi 100%,TGDD,2026-06-11
PROD_CEL_101058,Dien thoai Samsung Galaxy A55 12GB/1TB - Hang trung bay,Samsung,Galaxy A55,12GB,1TB,36700000.0,35700000.0,Con hang,Hang trung bay,CellphoneS,2026-06-11
PROD_CEL_101059,Dien thoai Oppo A78 6GB/256GB - Moi 100%,Oppo,A78,6GB,256GB,43850000.0,43350000.0,Con hang,Moi 100%,CellphoneS,2026-06-11
PROD_TGD_101060,Dien thoai Vivo X100 Pro 16GB/128GB - Moi 100%,Vivo,X100 Pro,16GB,128GB,41940000.0,41940000.0,Con hang,Moi 100%,TGDD,2026-06-11
PROD_TGD_101061,Dien thoai Xiaomi Redmi Note 13 8GB/1TB - Moi 100%,Xiaomi,Redmi Note 13,8GB,1TB,33590000.0,32590000.0,Con hang,Moi 100%,TGDD,2026-06-11
PROD_TGD_101062,Dien thoai Apple iPhone 14 Pro 8GB/128GB - Moi 100%,Apple,iPhone 14 Pro,8GB,128GB,33590000.0,33590000.0,Het hang,Moi 100%,TGDD,2026-06-11
PROD_CEL_101063,Dien thoai Oppo Reno11 F 12GB/64GB - Moi 100%,Oppo,Reno11 F,12GB,64GB,36660000.0,36160000.0,Con hang,Moi 100%,CellphoneS,2026-06-11
PROD_CEL_101064,Dien thoai Xiaomi Poco X6 Pro 12GB/64GB - Moi 100%,Xiaomi,Poco X6 Pro,12GB,64GB,39060000.0,39060000.0,Con hang,Moi 100%,CellphoneS,2026-06-11
PROD_TGD_101065,Dien thoai Samsung Galaxy S24 Ultra 12GB/128GB - Moi 100%,samsung,Galaxy S24 Ultra,12GB,128GB,40360000.0,38360000.0,Con hang,Moi 100%,TGDD,2026-06-11
PROD_TGD_101066,Dien thoai Xiaomi Xiaomi 14 12GB/256GB - Moi 100%,Xiaomi,Xiaomi 14,12GB,256GB,39540000.0,37540000.0,Con hang,Moi 100%,TGDD,2026-06-11
PROD_TGD_101067,Dien thoai Oppo A78 6GB/1TB - Moi 100%,Oppo,A78,6GB,1TB,32970000.0,32970000.0,Con hang,Moi 100%,TGDD,2026-06-11
PROD_CEL_101068,Dien thoai Samsung Galaxy S24 Ultra 6GB/128GB - Moi 100%,Samsung,Galaxy S24 Ultra,6GB,128GB,39800000.0,38800000.0,Con hang,Moi 100%,CellphoneS,2026-06-11
PROD_TGD_101069,Dien thoai Xiaomi Xiaomi 14 4GB/256GB - Moi 100%,Xiaomi,Xiaomi 14,4GB,256GB,35130000.0,33130000.0,Con hang,Moi 100%,TGDD,2026-06-11
PROD_TGD_101070,Dien thoai Samsung Galaxy S24 Ultra 12GB/256GB - Moi 100%,Samsung,Galaxy S24 Ultra,12GB,256GB,30480000.0,30480000.0,Het hang,Moi 100%,TGDD,2026-06-11
PROD_TGD_101071,Dien thoai Apple iPhone 15 Pro Max 6GB/512GB - Moi 100%,Apple,iPhone 15 Pro Max,6GB,512GB,43710000.0,43710000.0,Con hang,Moi 100%,TGDD,2026-06-11
PROD_TGD_101072,Dien thoai Realme Realme Note 50 6GB/512GB - Moi 100%,Realme,Realme Note 50,6GB,512GB,34520000.0,34520000.0,Con hang,Moi 100%,TGDD,2026-06-11
PROD_CEL_101073,Dien thoai Samsung Galaxy A55 6GB/128GB - Moi 100%,Samsung,Galaxy A55,6GB,128GB,35240000.0,34240000.0,Con hang,Moi 100%,CellphoneS,2026-06-11
PROD_TGD_101074,Dien thoai Oppo Reno11 F 8GB/128GB - Moi 100%,Oppo,Reno11 F,8GB,128GB,30990000.0,30490000.0,Con hang,Moi 100%,TGDD,2026-06-11
PROD_TGD_101075,Dien thoai Apple iPhone 14 Pro 12GB/1TB - Moi 100%,Apple,iPhone 14 Pro,12GB,1TB,40080000.0,39580000.0,Con hang,Moi 100%,TGDD,2026-06-11
PROD_CEL_101076,Dien thoai Xiaomi Poco X6 Pro 6GB/64GB - Moi 100%,Xiaomi,Poco X6 Pro,6GB,64GB,30340000.0,29340000.0,Con hang,Moi 100%,CellphoneS,2026-06-11
PROD_TGD_101077,Dien thoai Realme Realme Note 50 8GB/64GB - Moi 100%,Realme,Realme Note 50,8GB,64GB,43800000.0,43300000.0,Con hang,Moi 100%,TGDD,2026-06-11
PROD_CEL_101078,Dien thoai Xiaomi Poco X6 Pro 6GB/64GB - Moi 100%,Xiaomi,Poco X6 Pro,6GB,64GB,37040000.0,36540000.0,Con hang,Moi 100%,CellphoneS,2026-06-11
PROD_TGD_101079,Dien thoai Realme Realme C65 16GB/64GB - Moi 100%,Realme,Realme C65,16GB,64GB,36080000.0,35080000.0,Con hang,Moi 100%,TGDD,2026-06-11
PROD_CEL_101080,Dien thoai Vivo V30 5G 4GB/256GB - Moi 100%,vivo,V30 5G,4GB,256GB,38760000.0,,Con hang,Moi 100%,CellphoneS,2026-06-11
PROD_TGD_101081,Dien thoai Apple iPhone 15 Pro Max 16GB/512GB - Moi 100%,Apple,iPhone 15 Pro Max,16GB,512GB,34980000.0,34980000.0,Con hang,Moi 100%,TGDD,2026-06-11
PROD_TGD_101082,Dien thoai Xiaomi Xiaomi 14 6GB/1TB - Moi 100%,Xiaomi,Xiaomi 14,6GB,1TB,40760000.0,40260000.0,Con hang,Moi 100%,TGDD,2026-06-11
PROD_TGD_101083,Dien thoai Samsung Galaxy S24 Ultra 16GB/64GB - Moi 100%,Samsung,Galaxy S24 Ultra,16GB,64GB,35110000.0,34110000.0,Con hang,Moi 100%,TGDD,2026-06-11
PROD_CEL_101084,Dien thoai Apple iPhone 14 Pro 6GB/256GB - Moi 100%,Apple,iPhone 14 Pro,6GB,256GB,44060000.0,42060000.0,Con hang,Moi 100%,CellphoneS,2026-06-11
PROD_CEL_101085,Dien thoai Xiaomi Xiaomi 14 8GB/128GB - Moi 100%,Xiaomi,Xiaomi 14,8GB,128GB,33860000.0,31860000.0,Con hang,Moi 100%,CellphoneS,2026-06-11
PROD_TGD_101086,Dien thoai Oppo Reno11 F 8GB/1TB - Moi 100%,Oppo,Reno11 F,8GB,1TB,31020000.0,30520000.0,Con hang,Moi 100%,TGDD,2026-06-11
PROD_CEL_101087,Dien thoai Vivo V30 5G 4GB/64GB - Moi 100%,Vivo,V30 5G,4GB,64GB,44990000.0,44990000.0,Con hang,Moi 100%,CellphoneS,2026-06-11
PROD_CEL_101088,Dien thoai Xiaomi Redmi Note 13 6GB/64GB - Moi 100%,Xiaomi,Redmi Note 13,6GB,64GB,42990000.0,41990000.0,Con hang,Moi 100%,CellphoneS,2026-06-11
PROD_TGD_101089,Dien thoai Realme Realme 12 Rest 6GB/512GB - Moi 100%,Realme,Realme 12 Rest,6GB,512GB,36040000.0,36040000.0,Con hang,Moi 100%,TGDD,2026-06-11
PROD_TGD_101090,Dien thoai Samsung Galaxy Z Fold6 8GB/1TB - Moi 100%,Samsung,Galaxy Z Fold6,8GB,1TB,34920000.0,32920000.0,Con hang,Moi 100%,TGDD,2026-06-11
PROD_TGD_101091,Dien thoai Apple iPhone 14 Pro 4GB/1TB - Moi 100%,Apple,iPhone 14 Pro,4GB,1TB,40600000.0,39600000.0,Het hang,Moi 100%,TGDD,2026-06-11
PROD_TGD_101092,Dien thoai Oppo Find N3 Flip 12GB/256GB - Moi 100%,Oppo,Find N3 Flip,12GB,256GB,40490000.0,39490000.0,Con hang,Moi 100%,TGDD,2026-06-11
PROD_TGD_101093,Dien thoai Xiaomi Poco X6 Pro 8GB/256GB - Moi 100%,Xiaomi,Poco X6 Pro,8GB,256GB,33760000.0,33260000.0,Het hang,Moi 100%,TGDD,2026-06-11
PROD_CEL_101094,Dien thoai Realme Realme C65 4GB/1TB - Moi 100%,Realme,Realme C65,4GB,1TB,42690000.0,40690000.0,Het hang,Moi 100%,CellphoneS,2026-06-11
PROD_CEL_101095,Dien thoai Vivo X100 Pro 16GB/128GB - Moi 100%,vivo,X100 Pro,16GB,128GB,37220000.0,36220000.0,Het hang,Moi 100%,CellphoneS,2026-06-11
PROD_TGD_101096,Dien thoai Apple iPhone 14 Pro 12GB/64GB - Moi 100%,Apple,iPhone 14 Pro,12GB,64GB,30200000.0,29200000.0,Con hang,Moi 100%,TGDD,2026-06-11
PROD_CEL_101097,Dien thoai Xiaomi Xiaomi 14 16GB/256GB - Moi 100%,Xiaomi,Xiaomi 14,16GB,256GB,31880000.0,29880000.0,Con hang,Moi 100%,CellphoneS,2026-06-11
PROD_TGD_101098,Dien thoai Realme Realme Note 50 8GB/128GB - Moi 100%,Realme,Realme Note 50,8GB,128GB,35940000.0,33940000.0,Con hang,Moi 100%,TGDD,2026-06-11
PROD_CEL_101099,Dien thoai Xiaomi Xiaomi 14 16GB/1TB - Moi 100%,Xiaomi,Xiaomi 14,16GB,1TB,40130000.0,40130000.0,Con hang,Moi 100%,CellphoneS,2026-06-11
PROD_CEL_101100,Dien thoai Realme Realme 12 Rest 6GB/128GB - Moi 100%,Realme,Realme 12 Rest,6GB,128GB,34380000.0,32380000.0,Con hang,Moi 100%,CellphoneS,2026-06-11
PROD_TGD_101101,Dien thoai Apple iPhone 15 Pro Max 4GB/64GB - Moi 100%,Apple,iPhone 15 Pro Max,4GB,64GB,39630000.0,37630000.0,Con hang,Moi 100%,TGDD,2026-06-11
PROD_TGD_101102,Dien thoai Apple iPhone 14 Pro 8GB/64GB - Moi 100%,Apple,iPhone 14 Pro,8GB,64GB,36980000.0,34980000.0,Con hang,Moi 100%,TGDD,2026-06-11
PROD_TGD_101103,Dien thoai Vivo X100 Pro 12GB/256GB - Da kich hoat,Vivo,X100 Pro,12GB,256GB,41270000.0,40270000.0,Con hang,Da kich hoat,TGDD,2026-06-11
PROD_CEL_101104,Dien thoai Realme Realme C65 4GB/64GB - Moi 100%,Realme,Realme C65,4GB,64GB,43270000.0,42270000.0,Con hang,Moi 100%,CellphoneS,2026-06-11
PROD_CEL_101105,Dien thoai Apple iPhone 13 8GB/128GB - Da kich hoat,Apple,iPhone 13,8GB,128GB,41010000.0,39010000.0,Con hang,Da kich hoat,CellphoneS,2026-06-11
PROD_TGD_101106,Dien thoai Samsung Galaxy Z Fold6 8GB/1TB - Moi 100%,Samsung,Galaxy Z Fold6,8GB,1TB,32610000.0,30610000.0,Con hang,Moi 100%,TGDD,2026-06-11
PROD_CEL_101107,Dien thoai Oppo A78 12GB/256GB - Moi 100%,Oppo,A78,12GB,256GB,41500000.0,41000000.0,Con hang,Moi 100%,CellphoneS,2026-06-11
PROD_TGD_101108,Dien thoai Xiaomi Xiaomi 14 4GB/1TB - Moi 100%,Xiaomi,Xiaomi 14,4GB,1TB,31810000.0,31310000.0,Con hang,Moi 100%,TGDD,2026-06-11
PROD_TGD_101109,Dien thoai Oppo Find N3 Flip 8GB/64GB - Moi 100%,Oppo,Find N3 Flip,8GB,64GB,43120000.0,42620000.0,Con hang,Moi 100%,TGDD,2026-06-11
PROD_TGD_101110,Dien thoai Apple iPhone 14 Pro 16GB/512GB - Moi 100%,apple,iPhone 14 Pro,16GB,512GB,31310000.0,29310000.0,Con hang,Moi 100%,TGDD,2026-06-11
PROD_CEL_101111,Dien thoai Xiaomi Redmi Note 13 6GB/128GB - Moi 100%,Xiaomi,Redmi Note 13,6GB,128GB,39360000.0,38360000.0,Con hang,Moi 100%,CellphoneS,2026-06-11
PROD_TGD_101112,Dien thoai Realme Realme Note 50 4GB/128GB - Da kich hoat,Realme,Realme Note 50,4GB,128GB,32910000.0,30910000.0,Con hang,Da kich hoat,TGDD,2026-06-11
PROD_CEL_101113,Dien thoai Oppo Find N3 Flip 16GB/1TB - Moi 100%,Oppo,Find N3 Flip,16GB,1TB,34480000.0,34480000.0,Con hang,Moi 100%,CellphoneS,2026-06-11
PROD_TGD_101114,Dien thoai Apple iPhone 13 16GB/128GB - Moi 100%,Apple,iPhone 13,16GB,128GB,31430000.0,31430000.0,Con hang,Moi 100%,TGDD,2026-06-11
PROD_CEL_101115,Dien thoai Realme Realme C65 4GB/64GB - Moi 100%,Realme,Realme C65,4GB,64GB,34860000.0,34860000.0,Con hang,Moi 100%,CellphoneS,2026-06-11
PROD_CEL_101116,Dien thoai Oppo Reno11 F 16GB/256GB - Hang trung bay,Oppo,Reno11 F,16GB,256GB,34220000.0,34220000.0,Het hang,Hang trung bay,CellphoneS,2026-06-11
PROD_TGD_101117,Dien thoai Realme Realme 12 Rest 6GB/64GB - Hang trung bay,Realme,Realme 12 Rest,6GB,64GB,38500000.0,37500000.0,Con hang,Hang trung bay,TGDD,2026-06-11
PROD_TGD_101118,Dien thoai Realme Realme C65 12GB/128GB - Moi 100%,Realme,Realme C65,12GB,128GB,34360000.0,34360000.0,Con hang,Moi 100%,TGDD,2026-06-11
PROD_CEL_101119,Dien thoai Xiaomi Redmi Note 13 16GB/512GB - Moi 100%,Xiaomi,Redmi Note 13,16GB,512GB,33270000.0,33270000.0,Het hang,Moi 100%,CellphoneS,2026-06-11
PROD_TGD_101120,Dien thoai Xiaomi Poco X6 Pro 12GB/512GB - Moi 100%,Xiaomi,Poco X6 Pro,12GB,512GB,,34050000.0,Het hang,Moi 100%,TGDD,2026-06-11
PROD_TGD_101121,Dien thoai Samsung Galaxy A55 4GB/1TB - Moi 100%,Samsung,Galaxy A55,4GB,1TB,41670000.0,41170000.0,Con hang,Moi 100%,TGDD,2026-06-11
PROD_CEL_101122,Dien thoai Apple iPhone 15 Pro Max 12GB/128GB - Moi 100%,Apple,iPhone 15 Pro Max,12GB,128GB,43130000.0,43130000.0,Het hang,Moi 100%,CellphoneS,2026-06-11
PROD_CEL_101123,Dien thoai Vivo X100 Pro 16GB/256GB - Moi 100%,Vivo,X100 Pro,16GB,256GB,34130000.0,32130000.0,Con hang,Moi 100%,CellphoneS,2026-06-11
PROD_CEL_101124,Dien thoai Oppo A78 4GB/256GB - Moi 100%,Oppo,A78,4GB,256GB,42330000.0,42330000.0,Con hang,Moi 100%,CellphoneS,2026-06-11
PROD_TGD_101125,Dien thoai Xiaomi Redmi Note 13 8GB/128GB - Moi 100%,xiaomi,Redmi Note 13,8GB,128GB,33470000.0,,Con hang,Moi 100%,TGDD,2026-06-11
PROD_TGD_101126,Dien thoai Apple iPhone 15 Pro Max 8GB/128GB - Moi 100%,Apple,iPhone 15 Pro Max,8GB,128GB,35510000.0,35510000.0,Con hang,Moi 100%,TGDD,2026-06-11
PROD_TGD_101127,Dien thoai Realme Realme 12 Rest 8GB/256GB - Moi 100%,Realme,Realme 12 Rest,8GB,256GB,38050000.0,36050000.0,Con hang,Moi 100%,TGDD,2026-06-11
PROD_CEL_101128,Dien thoai Apple iPhone 14 Pro 4GB/256GB - Moi 100%,Apple,iPhone 14 Pro,4GB,256GB,41120000.0,41120000.0,Con hang,Moi 100%,CellphoneS,2026-06-11
PROD_CEL_101129,Dien thoai Vivo X100 Pro 8GB/128GB - Moi 100%,Vivo,X100 Pro,8GB,128GB,33490000.0,33490000.0,Con hang,Moi 100%,CellphoneS,2026-06-11
PROD_CEL_101130,Dien thoai Apple iPhone 15 Pro Max 16GB/64GB - Moi 100%,Apple,iPhone 15 Pro Max,16GB,64GB,44050000.0,42050000.0,Con hang,Moi 100%,CellphoneS,2026-06-11
PROD_TGD_101131,Dien thoai Xiaomi Redmi Note 13 8GB/128GB - Moi 100%,Xiaomi,Redmi Note 13,8GB,128GB,34280000.0,32280000.0,Con hang,Moi 100%,TGDD,2026-06-11
PROD_TGD_101132,Dien thoai Xiaomi Poco X6 Pro 12GB/128GB - Moi 100%,Xiaomi,Poco X6 Pro,12GB,128GB,39430000.0,38430000.0,Con hang,Moi 100%,TGDD,2026-06-11
PROD_TGD_101133,Dien thoai Vivo V30 5G 4GB/128GB - Moi 100%,Vivo,V30 5G,4GB,128GB,37210000.0,36710000.0,Con hang,Moi 100%,TGDD,2026-06-11
PROD_TGD_101134,Dien thoai Oppo Reno11 F 16GB/256GB - Moi 100%,Oppo,Reno11 F,16GB,256GB,34590000.0,32590000.0,Het hang,Moi 100%,TGDD,2026-06-11
PROD_CEL_101135,Dien thoai Samsung Galaxy S24 Ultra 8GB/256GB - Moi 100%,Samsung,Galaxy S24 Ultra,8GB,256GB,31550000.0,30550000.0,Con hang,Moi 100%,CellphoneS,2026-06-11
PROD_TGD_101136,Dien thoai Oppo Find N3 Flip 8GB/256GB - Moi 100%,Oppo,Find N3 Flip,8GB,256GB,37730000.0,37230000.0,Het hang,Moi 100%,TGDD,2026-06-11
PROD_TGD_101137,Dien thoai Xiaomi Redmi Note 13 12GB/64GB - Moi 100%,Xiaomi,Redmi Note 13,12GB,64GB,38880000.0,36880000.0,Con hang,Moi 100%,TGDD,2026-06-11
PROD_CEL_101138,Dien thoai Realme Realme Note 50 16GB/64GB - Moi 100%,Realme,Realme Note 50,16GB,64GB,43960000.0,43960000.0,Con hang,Moi 100%,CellphoneS,2026-06-11
PROD_CEL_101139,Dien thoai Samsung Galaxy A55 4GB/1TB - Moi 100%,Samsung,Galaxy A55,4GB,1TB,37420000.0,37420000.0,Con hang,Moi 100%,CellphoneS,2026-06-11
PROD_CEL_101140,Dien thoai Apple iPhone 15 Pro Max 12GB/64GB - Moi 100%,apple,iPhone 15 Pro Max,12GB,64GB,40050000.0,38050000.0,Con hang,Moi 100%,CellphoneS,2026-06-11
PROD_CEL_101141,Dien thoai Vivo Y100 6GB/512GB - Moi 100%,Vivo,Y100,6GB,512GB,34040000.0,32040000.0,Het hang,Moi 100%,CellphoneS,2026-06-11
PROD_TGD_101142,Dien thoai Oppo Reno11 F 6GB/1TB - Moi 100%,Oppo,Reno11 F,6GB,1TB,35030000.0,34530000.0,Con hang,Moi 100%,TGDD,2026-06-11
PROD_CEL_101143,Dien thoai Samsung Galaxy Z Fold6 6GB/1TB - Moi 100%,Samsung,Galaxy Z Fold6,6GB,1TB,32890000.0,32890000.0,Con hang,Moi 100%,CellphoneS,2026-06-11
PROD_TGD_101144,Dien thoai Samsung Galaxy Z Fold6 8GB/128GB - Moi 100%,Samsung,Galaxy Z Fold6,8GB,128GB,42050000.0,42050000.0,Con hang,Moi 100%,TGDD,2026-06-11
PROD_TGD_101145,Dien thoai Realme Realme Note 50 6GB/128GB - Moi 100%,Realme,Realme Note 50,6GB,128GB,42870000.0,42870000.0,Con hang,Moi 100%,TGDD,2026-06-11
PROD_CEL_101146,Dien thoai Samsung Galaxy A55 8GB/64GB - Moi 100%,Samsung,Galaxy A55,8GB,64GB,37640000.0,37640000.0,Con hang,Moi 100%,CellphoneS,2026-06-11
PROD_TGD_101147,Dien thoai Vivo X100 Pro 8GB/128GB - Moi 100%,Vivo,X100 Pro,8GB,128GB,37350000.0,36350000.0,Con hang,Moi 100%,TGDD,2026-06-11
PROD_CEL_101148,Dien thoai Samsung Galaxy Z Fold6 8GB/128GB - Moi 100%,Samsung,Galaxy Z Fold6,8GB,128GB,38810000.0,38810000.0,Con hang,Moi 100%,CellphoneS,2026-06-11
PROD_TGD_101149,Dien thoai Xiaomi Poco X6 Pro 12GB/128GB - Moi 100%,Xiaomi,Poco X6 Pro,12GB,128GB,44820000.0,43820000.0,Con hang,Moi 100%,TGDD,2026-06-11
PROD_CEL_101150,Dien thoai Samsung Galaxy A55 16GB/128GB - Moi 100%,Samsung,Galaxy A55,16GB,128GB,44340000.0,44340000.0,Con hang,Moi 100%,CellphoneS,2026-06-11
PROD_TGD_101151,Dien thoai Realme Realme 12 Rest 4GB/128GB - Moi 100%,Realme,Realme 12 Rest,4GB,128GB,31040000.0,30540000.0,Con hang,Moi 100%,TGDD,2026-06-11
PROD_CEL_101152,Dien thoai Vivo Y100 4GB/128GB - Moi 100%,Vivo,Y100,4GB,128GB,36440000.0,34440000.0,Con hang,Moi 100%,CellphoneS,2026-06-11
PROD_TGD_101153,Dien thoai Xiaomi Poco X6 Pro 16GB/256GB - Moi 100%,Xiaomi,Poco X6 Pro,16GB,256GB,40830000.0,40330000.0,Con hang,Moi 100%,TGDD,2026-06-11
PROD_CEL_101154,Dien thoai Vivo X100 Pro 4GB/128GB - Moi 100%,Vivo,X100 Pro,4GB,128GB,38310000.0,37310000.0,Con hang,Moi 100%,CellphoneS,2026-06-11
PROD_CEL_101155,Dien thoai Xiaomi Redmi Note 13 12GB/128GB - Moi 100%,xiaomi,Redmi Note 13,12GB,128GB,32420000.0,30420000.0,Con hang,Moi 100%,CellphoneS,2026-06-11
PROD_TGD_101156,Dien thoai Apple iPhone 15 Pro Max 16GB/128GB - Moi 100%,Apple,iPhone 15 Pro Max,16GB,128GB,39890000.0,38890000.0,Con hang,Moi 100%,TGDD,2026-06-11
PROD_TGD_101157,Dien thoai Realme Realme C65 16GB/64GB - Moi 100%,Realme,Realme C65,16GB,64GB,38400000.0,38400000.0,Con hang,Moi 100%,TGDD,2026-06-11
PROD_CEL_101158,Dien thoai Samsung Galaxy S24 Ultra 8GB/512GB - Moi 100%,Samsung,Galaxy S24 Ultra,8GB,512GB,44210000.0,43710000.0,Het hang,Moi 100%,CellphoneS,2026-06-11
PROD_CEL_101159,Dien thoai Samsung Galaxy A55 8GB/1TB - Moi 100%,Samsung,Galaxy A55,8GB,1TB,41910000.0,41910000.0,Con hang,Moi 100%,CellphoneS,2026-06-11
PROD_TGD_101160,Dien thoai Vivo V30 5G 12GB/128GB - Moi 100%,Vivo,V30 5G,12GB,128GB,32860000.0,32360000.0,Con hang,Moi 100%,TGDD,2026-06-11
PROD_TGD_101161,Dien thoai Xiaomi Redmi Note 13 8GB/256GB - Da kich hoat,Xiaomi,Redmi Note 13,8GB,256GB,43890000.0,41890000.0,Con hang,Da kich hoat,TGDD,2026-06-11
PROD_CEL_101162,Dien thoai Vivo Y100 16GB/512GB - Moi 100%,Vivo,Y100,16GB,512GB,32210000.0,31710000.0,Con hang,Moi 100%,CellphoneS,2026-06-11
PROD_CEL_101163,Dien thoai Samsung Galaxy Z Fold6 12GB/1TB - Moi 100%,Samsung,Galaxy Z Fold6,12GB,1TB,37520000.0,37520000.0,Het hang,Moi 100%,CellphoneS,2026-06-11
PROD_TGD_101164,Dien thoai Realme Realme 12 Rest 12GB/128GB - Moi 100%,Realme,Realme 12 Rest,12GB,128GB,32350000.0,31350000.0,Con hang,Moi 100%,TGDD,2026-06-11
PROD_TGD_101165,Dien thoai Xiaomi Poco X6 Pro 16GB/64GB - Moi 100%,Xiaomi,Poco X6 Pro,16GB,64GB,31320000.0,30320000.0,Con hang,Moi 100%,TGDD,2026-06-11
PROD_TGD_101166,Dien thoai Realme Realme C65 8GB/256GB - Moi 100%,Realme,Realme C65,8GB,256GB,30450000.0,29450000.0,Con hang,Moi 100%,TGDD,2026-06-11
PROD_CEL_101167,Dien thoai Realme Realme Note 50 8GB/256GB - Moi 100%,Realme,Realme Note 50,8GB,256GB,42280000.0,41780000.0,Con hang,Moi 100%,CellphoneS,2026-06-11
PROD_CEL_101168,Dien thoai Oppo Find N3 Flip 8GB/1TB - Moi 100%,Oppo,Find N3 Flip,8GB,1TB,34630000.0,33630000.0,Con hang,Moi 100%,CellphoneS,2026-06-11
PROD_CEL_101169,Dien thoai Oppo Find N3 Flip 4GB/64GB - Moi 100%,Oppo,Find N3 Flip,4GB,64GB,37250000.0,36750000.0,Con hang,Moi 100%,CellphoneS,2026-06-11
PROD_TGD_101170,Dien thoai Samsung Galaxy Z Fold6 8GB/512GB - Moi 100%,samsung,Galaxy Z Fold6,8GB,512GB,30780000.0,,Con hang,Moi 100%,TGDD,2026-06-11
PROD_CEL_101171,Dien thoai Apple iPhone 15 Pro Max 4GB/256GB - Moi 100%,Apple,iPhone 15 Pro Max,4GB,256GB,42060000.0,42060000.0,Con hang,Moi 100%,CellphoneS,2026-06-11
PROD_CEL_101172,Dien thoai Apple iPhone 14 Pro 12GB/512GB - Moi 100%,Apple,iPhone 14 Pro,12GB,512GB,30430000.0,28430000.0,Con hang,Moi 100%,CellphoneS,2026-06-11
PROD_TGD_101173,Dien thoai Xiaomi Poco X6 Pro 16GB/1TB - Moi 100%,Xiaomi,Poco X6 Pro,16GB,1TB,43570000.0,43570000.0,Con hang,Moi 100%,TGDD,2026-06-11
PROD_CEL_101174,Dien thoai Realme Realme Note 50 6GB/64GB - Moi 100%,Realme,Realme Note 50,6GB,64GB,36650000.0,36650000.0,Con hang,Moi 100%,CellphoneS,2026-06-11
PROD_CEL_101175,Dien thoai Vivo X100 Pro 8GB/128GB - Moi 100%,Vivo,X100 Pro,8GB,128GB,34610000.0,33610000.0,Con hang,Moi 100%,CellphoneS,2026-06-11
PROD_TGD_101176,Dien thoai Xiaomi Redmi Note 13 4GB/128GB - Moi 100%,Xiaomi,Redmi Note 13,4GB,128GB,40480000.0,39980000.0,Con hang,Moi 100%,TGDD,2026-06-11
PROD_TGD_101177,Dien thoai Xiaomi Poco X6 Pro 6GB/64GB - Moi 100%,Xiaomi,Poco X6 Pro,6GB,64GB,44300000.0,42300000.0,Het hang,Moi 100%,TGDD,2026-06-11
PROD_TGD_101178,Dien thoai Samsung Galaxy Z Fold6 12GB/256GB - Moi 100%,Samsung,Galaxy Z Fold6,12GB,256GB,39950000.0,39450000.0,Con hang,Moi 100%,TGDD,2026-06-11
PROD_TGD_101179,Dien thoai Vivo Y100 12GB/64GB - Moi 100%,Vivo,Y100,12GB,64GB,44850000.0,42850000.0,Con hang,Moi 100%,TGDD,2026-06-11
PROD_CEL_101180,Dien thoai Samsung Galaxy A55 12GB/128GB - Moi 100%,Samsung,Galaxy A55,12GB,128GB,35050000.0,35050000.0,Het hang,Moi 100%,CellphoneS,2026-06-11
PROD_CEL_101181,Dien thoai Apple iPhone 15 Pro Max 4GB/512GB - Moi 100%,Apple,iPhone 15 Pro Max,4GB,512GB,41000000.0,40000000.0,Con hang,Moi 100%,CellphoneS,2026-06-11
PROD_CEL_101182,Dien thoai Oppo A78 8GB/128GB - Moi 100%,Oppo,A78,8GB,128GB,39330000.0,38330000.0,Con hang,Moi 100%,CellphoneS,2026-06-11
PROD_TGD_101183,Dien thoai Xiaomi Poco X6 Pro 16GB/256GB - Moi 100%,Xiaomi,Poco X6 Pro,16GB,256GB,41530000.0,41530000.0,Con hang,Moi 100%,TGDD,2026-06-11
PROD_TGD_101184,Dien thoai Realme Realme Note 50 16GB/64GB - Moi 100%,Realme,Realme Note 50,16GB,64GB,33370000.0,31370000.0,Con hang,Moi 100%,TGDD,2026-06-11
PROD_TGD_101185,Dien thoai Apple iPhone 15 Pro Max 8GB/256GB - Moi 100%,apple,iPhone 15 Pro Max,8GB,256GB,44450000.0,43450000.0,Con hang,Moi 100%,TGDD,2026-06-11
PROD_TGD_101186,Dien thoai Oppo A78 8GB/128GB - Moi 100%,Oppo,A78,8GB,128GB,31730000.0,31730000.0,Con hang,Moi 100%,TGDD,2026-06-11
PROD_CEL_101187,Dien thoai Apple iPhone 15 Pro Max 4GB/1TB - Moi 100%,Apple,iPhone 15 Pro Max,4GB,1TB,31560000.0,29560000.0,Con hang,Moi 100%,CellphoneS,2026-06-11
PROD_TGD_101188,Dien thoai Vivo X100 Pro 16GB/128GB - Hang trung bay,Vivo,X100 Pro,16GB,128GB,43990000.0,41990000.0,Het hang,Hang trung bay,TGDD,2026-06-11
PROD_TGD_101189,Dien thoai Vivo Y100 6GB/128GB - Moi 100%,Vivo,Y100,6GB,128GB,31580000.0,30580000.0,Con hang,Moi 100%,TGDD,2026-06-11
PROD_CEL_101190,Dien thoai Apple iPhone 15 Pro Max 12GB/64GB - Moi 100%,Apple,iPhone 15 Pro Max,12GB,64GB,39460000.0,38460000.0,Con hang,Moi 100%,CellphoneS,2026-06-11
PROD_CEL_101191,Dien thoai Samsung Galaxy S24 Ultra 16GB/1TB - Moi 100%,Samsung,Galaxy S24 Ultra,16GB,1TB,34180000.0,33180000.0,Het hang,Moi 100%,CellphoneS,2026-06-11
PROD_CEL_101192,Dien thoai Vivo V30 5G 4GB/64GB - Hang trung bay,Vivo,V30 5G,4GB,64GB,35580000.0,34580000.0,Het hang,Hang trung bay,CellphoneS,2026-06-11
PROD_CEL_101193,Dien thoai Apple iPhone 14 Pro 4GB/512GB - Moi 100%,Apple,iPhone 14 Pro,4GB,512GB,43920000.0,43920000.0,Con hang,Moi 100%,CellphoneS,2026-06-11
PROD_CEL_101194,Dien thoai Samsung Galaxy S24 Ultra 8GB/512GB - Moi 100%,Samsung,Galaxy S24 Ultra,8GB,512GB,44910000.0,44910000.0,Con hang,Moi 100%,CellphoneS,2026-06-11
PROD_CEL_101195,Dien thoai Xiaomi Redmi Note 13 6GB/128GB - Da kich hoat,Xiaomi,Redmi Note 13,6GB,128GB,41900000.0,39900000.0,Het hang,Da kich hoat,CellphoneS,2026-06-11
PROD_TGD_101196,Dien thoai Realme Realme Note 50 12GB/512GB - Moi 100%,Realme,Realme Note 50,12GB,512GB,31100000.0,30600000.0,Het hang,Moi 100%,TGDD,2026-06-11
PROD_CEL_101197,Dien thoai Vivo Y100 12GB/512GB - Moi 100%,Vivo,Y100,12GB,512GB,39530000.0,39030000.0,Con hang,Moi 100%,CellphoneS,2026-06-11
PROD_CEL_101198,Dien thoai Oppo Reno11 F 6GB/64GB - Moi 100%,Oppo,Reno11 F,6GB,64GB,40210000.0,39710000.0,Het hang,Moi 100%,CellphoneS,2026-06-11
PROD_TGD_101199,Dien thoai Xiaomi Xiaomi 14 4GB/1TB - Moi 100%,Xiaomi,Xiaomi 14,4GB,1TB,37090000.0,35090000.0,Con hang,Moi 100%,TGDD,2026-06-11
PROD_TGD_101200,Dien thoai Xiaomi Redmi Note 13 6GB/64GB - Moi 100%,xiaomi,Redmi Note 13,6GB,64GB,,38910000.0,Con hang,Moi 100%,TGDD,2026-06-11
PROD_CEL_101201,Dien thoai Xiaomi Xiaomi 14 12GB/1TB - Moi 100%,Xiaomi,Xiaomi 14,12GB,1TB,31930000.0,31430000.0,Con hang,Moi 100%,CellphoneS,2026-06-11
PROD_TGD_101202,Dien thoai Oppo A78 8GB/256GB - Moi 100%,Oppo,A78,8GB,256GB,44330000.0,43830000.0,Con hang,Moi 100%,TGDD,2026-06-11
PROD_TGD_101203,Dien thoai Oppo Reno11 F 6GB/1TB - Moi 100%,Oppo,Reno11 F,6GB,1TB,33820000.0,32820000.0,Het hang,Moi 100%,TGDD,2026-06-11
PROD_TGD_101204,Dien thoai Oppo Find N3 Flip 12GB/64GB - Moi 100%,Oppo,Find N3 Flip,12GB,64GB,41070000.0,39070000.0,Con hang,Moi 100%,TGDD,2026-06-11
PROD_TGD_101205,Dien thoai Oppo Find N3 Flip 16GB/1TB - Moi 100%,Oppo,Find N3 Flip,16GB,1TB,30320000.0,30320000.0,Con hang,Moi 100%,TGDD,2026-06-11
PROD_CEL_101206,Dien thoai Apple iPhone 13 4GB/64GB - Moi 100%,Apple,iPhone 13,4GB,64GB,38710000.0,36710000.0,Con hang,Moi 100%,CellphoneS,2026-06-11
PROD_TGD_101207,Dien thoai Apple iPhone 14 Pro 16GB/128GB - Moi 100%,Apple,iPhone 14 Pro,16GB,128GB,39610000.0,37610000.0,Con hang,Moi 100%,TGDD,2026-06-11
PROD_CEL_101208,Dien thoai Oppo Reno11 F 6GB/512GB - Moi 100%,Oppo,Reno11 F,6GB,512GB,31270000.0,29270000.0,Con hang,Moi 100%,CellphoneS,2026-06-11
PROD_TGD_101209,Dien thoai Xiaomi Poco X6 Pro 8GB/64GB - Moi 100%,Xiaomi,Poco X6 Pro,8GB,64GB,36950000.0,36950000.0,Con hang,Moi 100%,TGDD,2026-06-11
PROD_TGD_101210,Dien thoai Apple iPhone 13 8GB/128GB - Moi 100%,Apple,iPhone 13,8GB,128GB,39730000.0,39730000.0,Con hang,Moi 100%,TGDD,2026-06-11
PROD_TGD_101211,Dien thoai Apple iPhone 13 8GB/64GB - Moi 100%,Apple,iPhone 13,8GB,64GB,44490000.0,42490000.0,Con hang,Moi 100%,TGDD,2026-06-11
PROD_TGD_101212,Dien thoai Xiaomi Poco X6 Pro 4GB/64GB - Moi 100%,Xiaomi,Poco X6 Pro,4GB,64GB,41380000.0,40380000.0,Con hang,Moi 100%,TGDD,2026-06-11
PROD_TGD_101213,Dien thoai Vivo V30 5G 6GB/128GB - Moi 100%,Vivo,V30 5G,6GB,128GB,32320000.0,32320000.0,Con hang,Moi 100%,TGDD,2026-06-11
PROD_CEL_101214,Dien thoai Samsung Galaxy A55 12GB/64GB - Moi 100%,Samsung,Galaxy A55,12GB,64GB,37080000.0,35080000.0,Con hang,Moi 100%,CellphoneS,2026-06-11
PROD_CEL_101215,Dien thoai Realme Realme 12 Rest 6GB/64GB - Moi 100%,realme,Realme 12 Rest,6GB,64GB,41570000.0,,Con hang,Moi 100%,CellphoneS,2026-06-11
PROD_CEL_101216,Dien thoai Samsung Galaxy Z Fold6 12GB/64GB - Moi 100%,Samsung,Galaxy Z Fold6,12GB,64GB,31080000.0,29080000.0,Con hang,Moi 100%,CellphoneS,2026-06-11
PROD_CEL_101217,Dien thoai Xiaomi Redmi Note 13 8GB/128GB - Moi 100%,Xiaomi,Redmi Note 13,8GB,128GB,40440000.0,39440000.0,Con hang,Moi 100%,CellphoneS,2026-06-11
PROD_TGD_101218,Dien thoai Oppo Find N3 Flip 16GB/256GB - Hang trung bay,Oppo,Find N3 Flip,16GB,256GB,39510000.0,39010000.0,Con hang,Hang trung bay,TGDD,2026-06-11
PROD_CEL_101219,Dien thoai Apple iPhone 14 Pro 8GB/1TB - Moi 100%,Apple,iPhone 14 Pro,8GB,1TB,35720000.0,35220000.0,Con hang,Moi 100%,CellphoneS,2026-06-11
PROD_CEL_101220,Dien thoai Apple iPhone 13 8GB/128GB - Moi 100%,Apple,iPhone 13,8GB,128GB,41810000.0,41310000.0,Con hang,Moi 100%,CellphoneS,2026-06-11
PROD_TGD_101221,Dien thoai Realme Realme Note 50 16GB/512GB - Moi 100%,Realme,Realme Note 50,16GB,512GB,36670000.0,36670000.0,Het hang,Moi 100%,TGDD,2026-06-11
PROD_TGD_101222,Dien thoai Xiaomi Xiaomi 14 16GB/512GB - Moi 100%,Xiaomi,Xiaomi 14,16GB,512GB,41850000.0,41850000.0,Con hang,Moi 100%,TGDD,2026-06-11
PROD_TGD_101223,Dien thoai Xiaomi Redmi Note 13 8GB/128GB - Moi 100%,Xiaomi,Redmi Note 13,8GB,128GB,43500000.0,42500000.0,Con hang,Moi 100%,TGDD,2026-06-11
PROD_CEL_101224,Dien thoai Apple iPhone 14 Pro 8GB/64GB - Moi 100%,Apple,iPhone 14 Pro,8GB,64GB,35630000.0,35630000.0,Con hang,Moi 100%,CellphoneS,2026-06-11
PROD_CEL_101225,Dien thoai Vivo Y100 16GB/512GB - Moi 100%,Vivo,Y100,16GB,512GB,38250000.0,37750000.0,Con hang,Moi 100%,CellphoneS,2026-06-11
PROD_TGD_101226,Dien thoai Samsung Galaxy S24 Ultra 4GB/512GB - Moi 100%,Samsung,Galaxy S24 Ultra,4GB,512GB,34450000.0,34450000.0,Con hang,Moi 100%,TGDD,2026-06-11
PROD_CEL_101227,Dien thoai Oppo A78 8GB/128GB - Moi 100%,Oppo,A78,8GB,128GB,37480000.0,36980000.0,Con hang,Moi 100%,CellphoneS,2026-06-11
PROD_TGD_101228,Dien thoai Xiaomi Poco X6 Pro 12GB/256GB - Moi 100%,Xiaomi,Poco X6 Pro,12GB,256GB,30830000.0,30330000.0,Het hang,Moi 100%,TGDD,2026-06-11
PROD_CEL_101229,Dien thoai Apple iPhone 13 6GB/1TB - Moi 100%,Apple,iPhone 13,6GB,1TB,40780000.0,40280000.0,Con hang,Moi 100%,CellphoneS,2026-06-11
PROD_TGD_101230,Dien thoai Vivo Y100 8GB/512GB - Moi 100%,vivo,Y100,8GB,512GB,32390000.0,31890000.0,Con hang,Moi 100%,TGDD,2026-06-11
PROD_TGD_101231,Dien thoai Vivo Y100 16GB/128GB - Moi 100%,Vivo,Y100,16GB,128GB,39090000.0,37090000.0,Con hang,Moi 100%,TGDD,2026-06-11
PROD_CEL_101232,Dien thoai Xiaomi Xiaomi 14 12GB/1TB - Moi 100%,Xiaomi,Xiaomi 14,12GB,1TB,44850000.0,44850000.0,Het hang,Moi 100%,CellphoneS,2026-06-11
PROD_TGD_101233,Dien thoai Oppo Find N3 Flip 16GB/128GB - Moi 100%,Oppo,Find N3 Flip,16GB,128GB,40180000.0,39180000.0,Con hang,Moi 100%,TGDD,2026-06-11
PROD_TGD_101234,Dien thoai Vivo V30 5G 12GB/512GB - Moi 100%,Vivo,V30 5G,12GB,512GB,30850000.0,29850000.0,Con hang,Moi 100%,TGDD,2026-06-11
PROD_CEL_101235,Dien thoai Oppo Find N3 Flip 12GB/128GB - Moi 100%,Oppo,Find N3 Flip,12GB,128GB,31580000.0,30580000.0,Con hang,Moi 100%,CellphoneS,2026-06-11
PROD_TGD_101236,Dien thoai Realme Realme C65 6GB/128GB - Moi 100%,Realme,Realme C65,6GB,128GB,36290000.0,36290000.0,Con hang,Moi 100%,TGDD,2026-06-11
PROD_CEL_101237,Dien thoai Vivo V30 5G 12GB/1TB - Moi 100%,Vivo,V30 5G,12GB,1TB,39950000.0,37950000.0,Con hang,Moi 100%,CellphoneS,2026-06-11
PROD_TGD_101238,Dien thoai Vivo V30 5G 4GB/128GB - Moi 100%,Vivo,V30 5G,4GB,128GB,44560000.0,43560000.0,Con hang,Moi 100%,TGDD,2026-06-11
PROD_CEL_101239,Dien thoai Oppo A78 4GB/128GB - Moi 100%,Oppo,A78,4GB,128GB,44380000.0,44380000.0,Con hang,Moi 100%,CellphoneS,2026-06-11
PROD_CEL_101240,Dien thoai Oppo A78 8GB/256GB - Moi 100%,Oppo,A78,8GB,256GB,40360000.0,39860000.0,Con hang,Moi 100%,CellphoneS,2026-06-11
PROD_TGD_101241,Dien thoai Oppo A78 12GB/128GB - Moi 100%,Oppo,A78,12GB,128GB,42990000.0,42990000.0,Con hang,Moi 100%,TGDD,2026-06-11
PROD_CEL_101242,Dien thoai Vivo Y100 6GB/128GB - Moi 100%,Vivo,Y100,6GB,128GB,32390000.0,30390000.0,Con hang,Moi 100%,CellphoneS,2026-06-11
PROD_TGD_101243,Dien thoai Oppo Reno11 F 12GB/128GB - Moi 100%,Oppo,Reno11 F,12GB,128GB,43920000.0,41920000.0,Con hang,Moi 100%,TGDD,2026-06-11
PROD_TGD_101244,Dien thoai Samsung Galaxy S24 Ultra 6GB/128GB - Moi 100%,Samsung,Galaxy S24 Ultra,6GB,128GB,43640000.0,43140000.0,Con hang,Moi 100%,TGDD,2026-06-11
PROD_TGD_101245,Dien thoai Vivo X100 Pro 6GB/512GB - Moi 100%,vivo,X100 Pro,6GB,512GB,33800000.0,32800000.0,Het hang,Moi 100%,TGDD,2026-06-11
PROD_TGD_101246,Dien thoai Xiaomi Xiaomi 14 6GB/128GB - Moi 100%,Xiaomi,Xiaomi 14,6GB,128GB,30800000.0,29800000.0,Con hang,Moi 100%,TGDD,2026-06-11
PROD_TGD_101247,Dien thoai Xiaomi Xiaomi 14 16GB/1TB - Moi 100%,Xiaomi,Xiaomi 14,16GB,1TB,38260000.0,36260000.0,Het hang,Moi 100%,TGDD,2026-06-11
PROD_TGD_101248,Dien thoai Samsung Galaxy Z Fold6 12GB/256GB - Moi 100%,Samsung,Galaxy Z Fold6,12GB,256GB,40070000.0,38070000.0,Con hang,Moi 100%,TGDD,2026-06-11
PROD_CEL_101249,Dien thoai Samsung Galaxy A55 4GB/128GB - Moi 100%,Samsung,Galaxy A55,4GB,128GB,30860000.0,28860000.0,Con hang,Moi 100%,CellphoneS,2026-06-11
PROD_CEL_101250,Dien thoai Apple iPhone 15 Pro Max 8GB/512GB - Moi 100%,Apple,iPhone 15 Pro Max,8GB,512GB,32170000.0,32170000.0,Con hang,Moi 100%,CellphoneS,2026-06-11
PROD_CEL_101251,Dien thoai Xiaomi Redmi Note 13 12GB/128GB - Moi 100%,Xiaomi,Redmi Note 13,12GB,128GB,40640000.0,40640000.0,Con hang,Moi 100%,CellphoneS,2026-06-11
PROD_CEL_101252,Dien thoai Oppo Find N3 Flip 12GB/1TB - Moi 100%,Oppo,Find N3 Flip,12GB,1TB,32360000.0,32360000.0,Con hang,Moi 100%,CellphoneS,2026-06-11
PROD_TGD_101253,Dien thoai Apple iPhone 14 Pro 6GB/1TB - Da kich hoat,Apple,iPhone 14 Pro,6GB,1TB,44380000.0,43380000.0,Con hang,Da kich hoat,TGDD,2026-06-11
PROD_CEL_101254,Dien thoai Xiaomi Xiaomi 14 16GB/1TB - Moi 100%,Xiaomi,Xiaomi 14,16GB,1TB,34010000.0,33010000.0,Het hang,Moi 100%,CellphoneS,2026-06-11
PROD_CEL_101255,Dien thoai Apple iPhone 13 4GB/1TB - Moi 100%,Apple,iPhone 13,4GB,1TB,36150000.0,35650000.0,Con hang,Moi 100%,CellphoneS,2026-06-11
PROD_CEL_101256,Dien thoai Xiaomi Poco X6 Pro 8GB/1TB - Moi 100%,Xiaomi,Poco X6 Pro,8GB,1TB,39590000.0,39090000.0,Con hang,Moi 100%,CellphoneS,2026-06-11
PROD_CEL_101257,Dien thoai Realme Realme Note 50 12GB/1TB - Moi 100%,Realme,Realme Note 50,12GB,1TB,43190000.0,41190000.0,Con hang,Moi 100%,CellphoneS,2026-06-11
PROD_CEL_101258,Dien thoai Oppo Find N3 Flip 4GB/64GB - Moi 100%,Oppo,Find N3 Flip,4GB,64GB,42420000.0,41920000.0,Con hang,Moi 100%,CellphoneS,2026-06-11
PROD_CEL_101259,Dien thoai Realme Realme C65 8GB/128GB - Moi 100%,Realme,Realme C65,8GB,128GB,31490000.0,31490000.0,Con hang,Moi 100%,CellphoneS,2026-06-11
PROD_CEL_101260,Dien thoai Vivo V30 5G 6GB/1TB - Moi 100%,vivo,V30 5G,6GB,1TB,37140000.0,,Con hang,Moi 100%,CellphoneS,2026-06-11
PROD_CEL_101261,Dien thoai Samsung Galaxy Z Fold6 6GB/1TB - Moi 100%,Samsung,Galaxy Z Fold6,6GB,1TB,39390000.0,39390000.0,Het hang,Moi 100%,CellphoneS,2026-06-11
PROD_TGD_101262,Dien thoai Realme Realme Note 50 8GB/64GB - Moi 100%,Realme,Realme Note 50,8GB,64GB,41720000.0,41720000.0,Con hang,Moi 100%,TGDD,2026-06-11
PROD_TGD_101263,Dien thoai Xiaomi Redmi Note 13 4GB/512GB - Moi 100%,Xiaomi,Redmi Note 13,4GB,512GB,41360000.0,41360000.0,Con hang,Moi 100%,TGDD,2026-06-11
PROD_CEL_101264,Dien thoai Xiaomi Xiaomi 14 4GB/1TB - Moi 100%,Xiaomi,Xiaomi 14,4GB,1TB,40300000.0,40300000.0,Con hang,Moi 100%,CellphoneS,2026-06-11
PROD_TGD_101265,Dien thoai Samsung Galaxy Z Fold6 16GB/128GB - Moi 100%,Samsung,Galaxy Z Fold6,16GB,128GB,33880000.0,33380000.0,Con hang,Moi 100%,TGDD,2026-06-11
PROD_TGD_101266,Dien thoai Realme Realme 12 Rest 4GB/512GB - Da kich hoat,Realme,Realme 12 Rest,4GB,512GB,44860000.0,43860000.0,Con hang,Da kich hoat,TGDD,2026-06-11
PROD_CEL_101267,Dien thoai Apple iPhone 13 8GB/1TB - Moi 100%,Apple,iPhone 13,8GB,1TB,32350000.0,31850000.0,Con hang,Moi 100%,CellphoneS,2026-06-11
PROD_TGD_101268,Dien thoai Apple iPhone 14 Pro 8GB/64GB - Moi 100%,Apple,iPhone 14 Pro,8GB,64GB,36250000.0,35250000.0,Con hang,Moi 100%,TGDD,2026-06-11
PROD_TGD_101269,Dien thoai Oppo A78 6GB/512GB - Da kich hoat,Oppo,A78,6GB,512GB,43200000.0,42200000.0,Het hang,Da kich hoat,TGDD,2026-06-11
PROD_TGD_101270,Dien thoai Realme Realme 12 Rest 16GB/64GB - Da kich hoat,Realme,Realme 12 Rest,16GB,64GB,35020000.0,34020000.0,Con hang,Da kich hoat,TGDD,2026-06-11
PROD_CEL_101271,Dien thoai Xiaomi Poco X6 Pro 8GB/256GB - Moi 100%,Xiaomi,Poco X6 Pro,8GB,256GB,37730000.0,36730000.0,Het hang,Moi 100%,CellphoneS,2026-06-11
PROD_CEL_101272,Dien thoai Apple iPhone 13 4GB/128GB - Moi 100%,Apple,iPhone 13,4GB,128GB,41420000.0,40920000.0,Het hang,Moi 100%,CellphoneS,2026-06-11
PROD_CEL_101273,Dien thoai Realme Realme Note 50 4GB/256GB - Moi 100%,Realme,Realme Note 50,4GB,256GB,42250000.0,41750000.0,Het hang,Moi 100%,CellphoneS,2026-06-11
PROD_CEL_101274,Dien thoai Xiaomi Xiaomi 14 4GB/128GB - Moi 100%,Xiaomi,Xiaomi 14,4GB,128GB,38900000.0,38400000.0,Con hang,Moi 100%,CellphoneS,2026-06-11
PROD_TGD_101275,Dien thoai Apple iPhone 14 Pro 4GB/256GB - Moi 100%,apple,iPhone 14 Pro,4GB,256GB,35290000.0,33290000.0,Het hang,Moi 100%,TGDD,2026-06-11
PROD_TGD_101276,Dien thoai Realme Realme Note 50 4GB/1TB - Moi 100%,Realme,Realme Note 50,4GB,1TB,44520000.0,43520000.0,Het hang,Moi 100%,TGDD,2026-06-11
PROD_TGD_101277,Dien thoai Xiaomi Redmi Note 13 8GB/256GB - Hang trung bay,Xiaomi,Redmi Note 13,8GB,256GB,30890000.0,29890000.0,Con hang,Hang trung bay,TGDD,2026-06-11
PROD_CEL_101278,Dien thoai Xiaomi Xiaomi 14 16GB/256GB - Moi 100%,Xiaomi,Xiaomi 14,16GB,256GB,41660000.0,41660000.0,Con hang,Moi 100%,CellphoneS,2026-06-11
PROD_CEL_101279,Dien thoai Oppo Find N3 Flip 6GB/64GB - Moi 100%,Oppo,Find N3 Flip,6GB,64GB,39930000.0,39430000.0,Con hang,Moi 100%,CellphoneS,2026-06-11
PROD_CEL_101280,Dien thoai Vivo V30 5G 8GB/1TB - Hang trung bay,Vivo,V30 5G,8GB,1TB,,33810000.0,Con hang,Hang trung bay,CellphoneS,2026-06-11
PROD_CEL_101281,Dien thoai Xiaomi Redmi Note 13 12GB/1TB - Moi 100%,Xiaomi,Redmi Note 13,12GB,1TB,35880000.0,35880000.0,Con hang,Moi 100%,CellphoneS,2026-06-11
PROD_TGD_101282,Dien thoai Realme Realme 12 Rest 8GB/512GB - Moi 100%,Realme,Realme 12 Rest,8GB,512GB,36060000.0,35560000.0,Con hang,Moi 100%,TGDD,2026-06-11
PROD_CEL_101283,Dien thoai Apple iPhone 14 Pro 16GB/512GB - Moi 100%,Apple,iPhone 14 Pro,16GB,512GB,41680000.0,41680000.0,Con hang,Moi 100%,CellphoneS,2026-06-11
PROD_TGD_101284,Dien thoai Realme Realme C65 6GB/256GB - Moi 100%,Realme,Realme C65,6GB,256GB,34050000.0,32050000.0,Con hang,Moi 100%,TGDD,2026-06-11
PROD_CEL_101285,Dien thoai Xiaomi Xiaomi 14 16GB/256GB - Moi 100%,Xiaomi,Xiaomi 14,16GB,256GB,42410000.0,41410000.0,Con hang,Moi 100%,CellphoneS,2026-06-11
PROD_CEL_101286,Dien thoai Oppo Reno11 F 16GB/64GB - Moi 100%,Oppo,Reno11 F,16GB,64GB,33000000.0,33000000.0,Con hang,Moi 100%,CellphoneS,2026-06-11
PROD_TGD_101287,Dien thoai Oppo Find N3 Flip 6GB/128GB - Moi 100%,Oppo,Find N3 Flip,6GB,128GB,40980000.0,39980000.0,Con hang,Moi 100%,TGDD,2026-06-11
PROD_TGD_101288,Dien thoai Xiaomi Poco X6 Pro 16GB/128GB - Moi 100%,Xiaomi,Poco X6 Pro,16GB,128GB,34700000.0,32700000.0,Con hang,Moi 100%,TGDD,2026-06-11
PROD_TGD_101289,Dien thoai Oppo A78 8GB/64GB - Moi 100%,Oppo,A78,8GB,64GB,44070000.0,43070000.0,Het hang,Moi 100%,TGDD,2026-06-11
PROD_CEL_101290,Dien thoai Oppo A78 4GB/128GB - Moi 100%,oppo,A78,4GB,128GB,38790000.0,38290000.0,Con hang,Moi 100%,CellphoneS,2026-06-11
PROD_TGD_101291,Dien thoai Realme Realme C65 16GB/512GB - Moi 100%,Realme,Realme C65,16GB,512GB,34390000.0,33890000.0,Con hang,Moi 100%,TGDD,2026-06-11
PROD_CEL_101292,Dien thoai Realme Realme C65 12GB/1TB - Moi 100%,Realme,Realme C65,12GB,1TB,33670000.0,33670000.0,Con hang,Moi 100%,CellphoneS,2026-06-11
PROD_CEL_101293,Dien thoai Apple iPhone 14 Pro 16GB/1TB - Moi 100%,Apple,iPhone 14 Pro,16GB,1TB,44130000.0,43630000.0,Con hang,Moi 100%,CellphoneS,2026-06-11
PROD_CEL_101294,Dien thoai Apple iPhone 13 16GB/128GB - Da kich hoat,Apple,iPhone 13,16GB,128GB,30070000.0,30070000.0,Con hang,Da kich hoat,CellphoneS,2026-06-11
PROD_TGD_101295,Dien thoai Apple iPhone 14 Pro 8GB/64GB - Moi 100%,Apple,iPhone 14 Pro,8GB,64GB,33560000.0,31560000.0,Con hang,Moi 100%,TGDD,2026-06-11
PROD_TGD_101296,Dien thoai Vivo V30 5G 12GB/256GB - Moi 100%,Vivo,V30 5G,12GB,256GB,43760000.0,43760000.0,Con hang,Moi 100%,TGDD,2026-06-11
PROD_CEL_101297,Dien thoai Realme Realme Note 50 8GB/128GB - Moi 100%,Realme,Realme Note 50,8GB,128GB,36770000.0,36770000.0,Con hang,Moi 100%,CellphoneS,2026-06-11
PROD_CEL_101298,Dien thoai Oppo Find N3 Flip 16GB/512GB - Moi 100%,Oppo,Find N3 Flip,16GB,512GB,42280000.0,40280000.0,Con hang,Moi 100%,CellphoneS,2026-06-11
PROD_TGD_101299,Dien thoai Oppo A78 8GB/64GB - Moi 100%,Oppo,A78,8GB,64GB,42480000.0,41480000.0,Con hang,Moi 100%,TGDD,2026-06-11
PROD_CEL_101300,Dien thoai Oppo Reno11 F 4GB/512GB - Moi 100%,Oppo,Reno11 F,4GB,512GB,40280000.0,39280000.0,Con hang,Moi 100%,CellphoneS,2026-06-11
PROD_TGD_101301,Dien thoai Oppo A78 12GB/64GB - Moi 100%,Oppo,A78,12GB,64GB,30190000.0,29190000.0,Con hang,Moi 100%,TGDD,2026-06-11
PROD_TGD_101302,Dien thoai Vivo X100 Pro 12GB/1TB - Moi 100%,Vivo,X100 Pro,12GB,1TB,35750000.0,33750000.0,Het hang,Moi 100%,TGDD,2026-06-11
PROD_CEL_101303,Dien thoai Samsung Galaxy A55 12GB/128GB - Moi 100%,Samsung,Galaxy A55,12GB,128GB,42030000.0,41530000.0,Con hang,Moi 100%,CellphoneS,2026-06-11
PROD_CEL_101304,Dien thoai Apple iPhone 14 Pro 16GB/256GB - Moi 100%,Apple,iPhone 14 Pro,16GB,256GB,41510000.0,40510000.0,Het hang,Moi 100%,CellphoneS,2026-06-11
PROD_TGD_101305,Dien thoai Realme Realme 12 Rest 16GB/128GB - Moi 100%,realme,Realme 12 Rest,16GB,128GB,40410000.0,,Con hang,Moi 100%,TGDD,2026-06-11
PROD_CEL_101306,Dien thoai Oppo A78 8GB/64GB - Moi 100%,Oppo,A78,8GB,64GB,38960000.0,38960000.0,Con hang,Moi 100%,CellphoneS,2026-06-11
PROD_CEL_101307,Dien thoai Realme Realme Note 50 6GB/128GB - Moi 100%,Realme,Realme Note 50,6GB,128GB,30050000.0,30050000.0,Con hang,Moi 100%,CellphoneS,2026-06-11
PROD_TGD_101308,Dien thoai Samsung Galaxy A55 16GB/512GB - Moi 100%,Samsung,Galaxy A55,16GB,512GB,35450000.0,35450000.0,Con hang,Moi 100%,TGDD,2026-06-11
PROD_TGD_101309,Dien thoai Realme Realme Note 50 16GB/1TB - Da kich hoat,Realme,Realme Note 50,16GB,1TB,37820000.0,36820000.0,Con hang,Da kich hoat,TGDD,2026-06-11
PROD_TGD_101310,Dien thoai Xiaomi Redmi Note 13 6GB/256GB - Moi 100%,Xiaomi,Redmi Note 13,6GB,256GB,44910000.0,44910000.0,Con hang,Moi 100%,TGDD,2026-06-11
PROD_CEL_101311,Dien thoai Apple iPhone 15 Pro Max 6GB/256GB - Moi 100%,Apple,iPhone 15 Pro Max,6GB,256GB,42530000.0,41530000.0,Con hang,Moi 100%,CellphoneS,2026-06-11
PROD_TGD_101312,Dien thoai Apple iPhone 14 Pro 8GB/128GB - Moi 100%,Apple,iPhone 14 Pro,8GB,128GB,41330000.0,40330000.0,Con hang,Moi 100%,TGDD,2026-06-11
PROD_CEL_101313,Dien thoai Oppo Find N3 Flip 12GB/256GB - Moi 100%,Oppo,Find N3 Flip,12GB,256GB,39510000.0,38510000.0,Con hang,Moi 100%,CellphoneS,2026-06-11
PROD_TGD_101314,Dien thoai Vivo V30 5G 6GB/64GB - Moi 100%,Vivo,V30 5G,6GB,64GB,39730000.0,37730000.0,Con hang,Moi 100%,TGDD,2026-06-11
PROD_TGD_101315,Dien thoai Oppo A78 6GB/512GB - Moi 100%,Oppo,A78,6GB,512GB,38780000.0,37780000.0,Con hang,Moi 100%,TGDD,2026-06-11
PROD_TGD_101316,Dien thoai Realme Realme Note 50 16GB/1TB - Moi 100%,Realme,Realme Note 50,16GB,1TB,33550000.0,33050000.0,Con hang,Moi 100%,TGDD,2026-06-11
PROD_TGD_101317,Dien thoai Samsung Galaxy A55 16GB/256GB - Moi 100%,Samsung,Galaxy A55,16GB,256GB,39490000.0,37490000.0,Con hang,Moi 100%,TGDD,2026-06-11
PROD_TGD_101318,Dien thoai Xiaomi Xiaomi 14 16GB/64GB - Hang trung bay,Xiaomi,Xiaomi 14,16GB,64GB,33790000.0,33290000.0,Con hang,Hang trung bay,TGDD,2026-06-11
PROD_CEL_101319,Dien thoai Xiaomi Xiaomi 14 12GB/1TB - Moi 100%,Xiaomi,Xiaomi 14,12GB,1TB,32190000.0,31190000.0,Con hang,Moi 100%,CellphoneS,2026-06-11
PROD_TGD_101320,Dien thoai Apple iPhone 15 Pro Max 8GB/128GB - Moi 100%,apple,iPhone 15 Pro Max,8GB,128GB,43550000.0,42550000.0,Con hang,Moi 100%,TGDD,2026-06-11
PROD_CEL_101321,Dien thoai Realme Realme 12 Rest 12GB/1TB - Moi 100%,Realme,Realme 12 Rest,12GB,1TB,40130000.0,38130000.0,Con hang,Moi 100%,CellphoneS,2026-06-11
PROD_CEL_101322,Dien thoai Apple iPhone 15 Pro Max 8GB/1TB - Moi 100%,Apple,iPhone 15 Pro Max,8GB,1TB,37780000.0,35780000.0,Con hang,Moi 100%,CellphoneS,2026-06-11
PROD_TGD_101323,Dien thoai Realme Realme C65 12GB/1TB - Moi 100%,Realme,Realme C65,12GB,1TB,36940000.0,35940000.0,Het hang,Moi 100%,TGDD,2026-06-11
PROD_CEL_101324,Dien thoai Samsung Galaxy Z Fold6 6GB/512GB - Moi 100%,Samsung,Galaxy Z Fold6,6GB,512GB,35830000.0,34830000.0,Con hang,Moi 100%,CellphoneS,2026-06-11
PROD_CEL_101325,Dien thoai Xiaomi Poco X6 Pro 4GB/64GB - Moi 100%,Xiaomi,Poco X6 Pro,4GB,64GB,41880000.0,41380000.0,Con hang,Moi 100%,CellphoneS,2026-06-11
PROD_TGD_101326,Dien thoai Oppo Reno11 F 12GB/1TB - Moi 100%,Oppo,Reno11 F,12GB,1TB,41960000.0,40960000.0,Con hang,Moi 100%,TGDD,2026-06-11
PROD_TGD_101327,Dien thoai Apple iPhone 14 Pro 12GB/512GB - Moi 100%,Apple,iPhone 14 Pro,12GB,512GB,35680000.0,33680000.0,Con hang,Moi 100%,TGDD,2026-06-11
PROD_CEL_101328,Dien thoai Realme Realme 12 Rest 6GB/128GB - Moi 100%,Realme,Realme 12 Rest,6GB,128GB,36830000.0,34830000.0,Con hang,Moi 100%,CellphoneS,2026-06-11
PROD_CEL_101329,Dien thoai Realme Realme Note 50 4GB/128GB - Moi 100%,Realme,Realme Note 50,4GB,128GB,38680000.0,38680000.0,Con hang,Moi 100%,CellphoneS,2026-06-11
PROD_CEL_101330,Dien thoai Xiaomi Xiaomi 14 8GB/64GB - Moi 100%,Xiaomi,Xiaomi 14,8GB,64GB,33110000.0,32110000.0,Con hang,Moi 100%,CellphoneS,2026-06-11
PROD_TGD_101331,Dien thoai Xiaomi Xiaomi 14 16GB/256GB - Moi 100%,Xiaomi,Xiaomi 14,16GB,256GB,40220000.0,39220000.0,Con hang,Moi 100%,TGDD,2026-06-11
PROD_CEL_101332,Dien thoai Xiaomi Poco X6 Pro 12GB/64GB - Moi 100%,Xiaomi,Poco X6 Pro,12GB,64GB,41880000.0,40880000.0,Con hang,Moi 100%,CellphoneS,2026-06-11
PROD_TGD_101333,Dien thoai Realme Realme C65 4GB/1TB - Moi 100%,Realme,Realme C65,4GB,1TB,31350000.0,29350000.0,Con hang,Moi 100%,TGDD,2026-06-11
PROD_TGD_101334,Dien thoai Apple iPhone 15 Pro Max 6GB/64GB - Da kich hoat,Apple,iPhone 15 Pro Max,6GB,64GB,34390000.0,34390000.0,Con hang,Da kich hoat,TGDD,2026-06-11
PROD_TGD_101335,Dien thoai Vivo Y100 8GB/128GB - Moi 100%,vivo,Y100,8GB,128GB,41970000.0,39970000.0,Het hang,Moi 100%,TGDD,2026-06-11
PROD_TGD_101336,Dien thoai Vivo X100 Pro 8GB/128GB - Moi 100%,Vivo,X100 Pro,8GB,128GB,33320000.0,32820000.0,Het hang,Moi 100%,TGDD,2026-06-11
PROD_CEL_101337,Dien thoai Samsung Galaxy S24 Ultra 4GB/64GB - Hang trung bay,Samsung,Galaxy S24 Ultra,4GB,64GB,37060000.0,37060000.0,Con hang,Hang trung bay,CellphoneS,2026-06-11
PROD_TGD_101338,Dien thoai Vivo V30 5G 12GB/64GB - Moi 100%,Vivo,V30 5G,12GB,64GB,33940000.0,32940000.0,Con hang,Moi 100%,TGDD,2026-06-11
PROD_CEL_101339,Dien thoai Vivo V30 5G 12GB/1TB - Hang trung bay,Vivo,V30 5G,12GB,1TB,38270000.0,38270000.0,Con hang,Hang trung bay,CellphoneS,2026-06-11
PROD_TGD_101340,Dien thoai Vivo X100 Pro 12GB/512GB - Moi 100%,Vivo,X100 Pro,12GB,512GB,35150000.0,35150000.0,Con hang,Moi 100%,TGDD,2026-06-11
PROD_TGD_101341,Dien thoai Apple iPhone 14 Pro 12GB/256GB - Moi 100%,Apple,iPhone 14 Pro,12GB,256GB,36970000.0,36970000.0,Con hang,Moi 100%,TGDD,2026-06-11
PROD_TGD_101342,Dien thoai Oppo Find N3 Flip 6GB/64GB - Moi 100%,Oppo,Find N3 Flip,6GB,64GB,33490000.0,31490000.0,Con hang,Moi 100%,TGDD,2026-06-11
PROD_TGD_101343,Dien thoai Samsung Galaxy S24 Ultra 4GB/64GB - Moi 100%,Samsung,Galaxy S24 Ultra,4GB,64GB,44030000.0,43030000.0,Con hang,Moi 100%,TGDD,2026-06-11
PROD_CEL_101344,Dien thoai Realme Realme 12 Rest 12GB/64GB - Moi 100%,Realme,Realme 12 Rest,12GB,64GB,33660000.0,32660000.0,Con hang,Moi 100%,CellphoneS,2026-06-11
PROD_TGD_101345,Dien thoai Samsung Galaxy Z Fold6 16GB/256GB - Moi 100%,Samsung,Galaxy Z Fold6,16GB,256GB,34270000.0,34270000.0,Con hang,Moi 100%,TGDD,2026-06-11
PROD_TGD_101346,Dien thoai Realme Realme 12 Rest 6GB/1TB - Da kich hoat,Realme,Realme 12 Rest,6GB,1TB,35410000.0,34910000.0,Con hang,Da kich hoat,TGDD,2026-06-11
PROD_CEL_101347,Dien thoai Apple iPhone 15 Pro Max 6GB/1TB - Moi 100%,Apple,iPhone 15 Pro Max,6GB,1TB,40790000.0,38790000.0,Con hang,Moi 100%,CellphoneS,2026-06-11
PROD_CEL_101348,Dien thoai Samsung Galaxy A55 12GB/1TB - Moi 100%,Samsung,Galaxy A55,12GB,1TB,41630000.0,41130000.0,Con hang,Moi 100%,CellphoneS,2026-06-11
PROD_CEL_101349,Dien thoai Realme Realme 12 Rest 16GB/128GB - Da kich hoat,Realme,Realme 12 Rest,16GB,128GB,34380000.0,34380000.0,Con hang,Da kich hoat,CellphoneS,2026-06-11
PROD_TGD_101350,Dien thoai Apple iPhone 13 16GB/64GB - Moi 100%,apple,iPhone 13,16GB,64GB,33440000.0,,Con hang,Moi 100%,TGDD,2026-06-11
PROD_CEL_101351,Dien thoai Oppo Reno11 F 4GB/1TB - Moi 100%,Oppo,Reno11 F,4GB,1TB,42460000.0,41460000.0,Con hang,Moi 100%,CellphoneS,2026-06-11
PROD_CEL_101352,Dien thoai Samsung Galaxy S24 Ultra 12GB/512GB - Moi 100%,Samsung,Galaxy S24 Ultra,12GB,512GB,35000000.0,34000000.0,Con hang,Moi 100%,CellphoneS,2026-06-11
PROD_CEL_101353,Dien thoai Vivo X100 Pro 8GB/64GB - Moi 100%,Vivo,X100 Pro,8GB,64GB,33800000.0,32800000.0,Con hang,Moi 100%,CellphoneS,2026-06-11
PROD_CEL_101354,Dien thoai Vivo X100 Pro 16GB/512GB - Moi 100%,Vivo,X100 Pro,16GB,512GB,30790000.0,30790000.0,Con hang,Moi 100%,CellphoneS,2026-06-11
PROD_TGD_101355,Dien thoai Vivo X100 Pro 8GB/1TB - Moi 100%,Vivo,X100 Pro,8GB,1TB,35960000.0,34960000.0,Con hang,Moi 100%,TGDD,2026-06-11
PROD_CEL_101356,Dien thoai Apple iPhone 14 Pro 4GB/128GB - Moi 100%,Apple,iPhone 14 Pro,4GB,128GB,30210000.0,28210000.0,Con hang,Moi 100%,CellphoneS,2026-06-11
PROD_TGD_101357,Dien thoai Xiaomi Xiaomi 14 12GB/256GB - Moi 100%,Xiaomi,Xiaomi 14,12GB,256GB,40850000.0,39850000.0,Con hang,Moi 100%,TGDD,2026-06-11
PROD_CEL_101358,Dien thoai Samsung Galaxy A55 8GB/512GB - Moi 100%,Samsung,Galaxy A55,8GB,512GB,39790000.0,39290000.0,Con hang,Moi 100%,CellphoneS,2026-06-11
PROD_CEL_101359,Dien thoai Vivo V30 5G 12GB/64GB - Moi 100%,Vivo,V30 5G,12GB,64GB,41190000.0,40690000.0,Con hang,Moi 100%,CellphoneS,2026-06-11
PROD_CEL_101360,Dien thoai Realme Realme 12 Rest 6GB/128GB - Hang trung bay,Realme,Realme 12 Rest,6GB,128GB,,33630000.0,Con hang,Hang trung bay,CellphoneS,2026-06-11
PROD_CEL_101361,Dien thoai Samsung Galaxy A55 8GB/512GB - Moi 100%,Samsung,Galaxy A55,8GB,512GB,42080000.0,42080000.0,Con hang,Moi 100%,CellphoneS,2026-06-11
PROD_TGD_101362,Dien thoai Xiaomi Xiaomi 14 8GB/512GB - Hang trung bay,Xiaomi,Xiaomi 14,8GB,512GB,40150000.0,39650000.0,Con hang,Hang trung bay,TGDD,2026-06-11
PROD_CEL_101363,Dien thoai Samsung Galaxy A55 12GB/64GB - Moi 100%,Samsung,Galaxy A55,12GB,64GB,37640000.0,37640000.0,Con hang,Moi 100%,CellphoneS,2026-06-11
PROD_CEL_101364,Dien thoai Samsung Galaxy S24 Ultra 6GB/128GB - Da kich hoat,Samsung,Galaxy S24 Ultra,6GB,128GB,33790000.0,33790000.0,Het hang,Da kich hoat,CellphoneS,2026-06-11
PROD_CEL_101365,Dien thoai Samsung Galaxy S24 Ultra 8GB/128GB - Moi 100%,samsung,Galaxy S24 Ultra,8GB,128GB,41590000.0,40590000.0,Het hang,Moi 100%,CellphoneS,2026-06-11
PROD_TGD_101366,Dien thoai Vivo V30 5G 8GB/64GB - Moi 100%,Vivo,V30 5G,8GB,64GB,32400000.0,31400000.0,Con hang,Moi 100%,TGDD,2026-06-11
PROD_CEL_101367,Dien thoai Apple iPhone 14 Pro 12GB/512GB - Moi 100%,Apple,iPhone 14 Pro,12GB,512GB,30500000.0,28500000.0,Con hang,Moi 100%,CellphoneS,2026-06-11
PROD_CEL_101368,Dien thoai Oppo Find N3 Flip 16GB/64GB - Moi 100%,Oppo,Find N3 Flip,16GB,64GB,34120000.0,33620000.0,Con hang,Moi 100%,CellphoneS,2026-06-11
PROD_TGD_101369,Dien thoai Apple iPhone 14 Pro 4GB/1TB - Moi 100%,Apple,iPhone 14 Pro,4GB,1TB,35280000.0,34780000.0,Con hang,Moi 100%,TGDD,2026-06-11
PROD_TGD_101370,Dien thoai Xiaomi Xiaomi 14 4GB/64GB - Moi 100%,Xiaomi,Xiaomi 14,4GB,64GB,34790000.0,32790000.0,Het hang,Moi 100%,TGDD,2026-06-11
PROD_CEL_101371,Dien thoai Oppo Reno11 F 4GB/256GB - Moi 100%,Oppo,Reno11 F,4GB,256GB,36770000.0,35770000.0,Con hang,Moi 100%,CellphoneS,2026-06-11
PROD_TGD_101372,Dien thoai Xiaomi Xiaomi 14 16GB/128GB - Moi 100%,Xiaomi,Xiaomi 14,16GB,128GB,35590000.0,35090000.0,Con hang,Moi 100%,TGDD,2026-06-11
PROD_TGD_101373,Dien thoai Realme Realme 12 Rest 12GB/256GB - Moi 100%,Realme,Realme 12 Rest,12GB,256GB,30300000.0,28300000.0,Con hang,Moi 100%,TGDD,2026-06-11
PROD_CEL_101374,Dien thoai Vivo X100 Pro 8GB/64GB - Moi 100%,Vivo,X100 Pro,8GB,64GB,37050000.0,36050000.0,Con hang,Moi 100%,CellphoneS,2026-06-11
PROD_TGD_101375,Dien thoai Vivo X100 Pro 4GB/1TB - Moi 100%,Vivo,X100 Pro,4GB,1TB,31800000.0,31800000.0,Con hang,Moi 100%,TGDD,2026-06-11
PROD_TGD_101376,Dien thoai Vivo Y100 12GB/256GB - Moi 100%,Vivo,Y100,12GB,256GB,43040000.0,42540000.0,Con hang,Moi 100%,TGDD,2026-06-11
PROD_CEL_101377,Dien thoai Realme Realme 12 Rest 6GB/128GB - Moi 100%,Realme,Realme 12 Rest,6GB,128GB,36860000.0,36860000.0,Con hang,Moi 100%,CellphoneS,2026-06-11
PROD_TGD_101378,Dien thoai Oppo A78 16GB/1TB - Moi 100%,Oppo,A78,16GB,1TB,33830000.0,33330000.0,Con hang,Moi 100%,TGDD,2026-06-11
PROD_CEL_101379,Dien thoai Xiaomi Poco X6 Pro 8GB/512GB - Moi 100%,Xiaomi,Poco X6 Pro,8GB,512GB,43550000.0,42550000.0,Het hang,Moi 100%,CellphoneS,2026-06-11
PROD_TGD_101380,Dien thoai Vivo V30 5G 16GB/1TB - Moi 100%,vivo,V30 5G,16GB,1TB,32920000.0,32420000.0,Con hang,Moi 100%,TGDD,2026-06-11
PROD_TGD_101381,Dien thoai Oppo A78 6GB/1TB - Moi 100%,Oppo,A78,6GB,1TB,41520000.0,41020000.0,Con hang,Moi 100%,TGDD,2026-06-11
PROD_CEL_101382,Dien thoai Oppo Reno11 F 4GB/128GB - Moi 100%,Oppo,Reno11 F,4GB,128GB,42140000.0,41640000.0,Con hang,Moi 100%,CellphoneS,2026-06-11
PROD_CEL_101383,Dien thoai Samsung Galaxy A55 6GB/512GB - Moi 100%,Samsung,Galaxy A55,6GB,512GB,31620000.0,31620000.0,Con hang,Moi 100%,CellphoneS,2026-06-11
PROD_CEL_101384,Dien thoai Xiaomi Xiaomi 14 12GB/256GB - Moi 100%,Xiaomi,Xiaomi 14,12GB,256GB,33180000.0,33180000.0,Het hang,Moi 100%,CellphoneS,2026-06-11
PROD_TGD_101385,Dien thoai Realme Realme Note 50 16GB/128GB - Moi 100%,Realme,Realme Note 50,16GB,128GB,35650000.0,33650000.0,Con hang,Moi 100%,TGDD,2026-06-11
PROD_CEL_101386,Dien thoai Apple iPhone 15 Pro Max 12GB/64GB - Moi 100%,Apple,iPhone 15 Pro Max,12GB,64GB,36350000.0,35350000.0,Con hang,Moi 100%,CellphoneS,2026-06-11
PROD_TGD_101387,Dien thoai Xiaomi Poco X6 Pro 12GB/512GB - Moi 100%,Xiaomi,Poco X6 Pro,12GB,512GB,43040000.0,42040000.0,Con hang,Moi 100%,TGDD,2026-06-11
PROD_TGD_101388,Dien thoai Xiaomi Xiaomi 14 16GB/1TB - Moi 100%,Xiaomi,Xiaomi 14,16GB,1TB,30690000.0,28690000.0,Con hang,Moi 100%,TGDD,2026-06-11
PROD_TGD_101389,Dien thoai Realme Realme Note 50 6GB/256GB - Moi 100%,Realme,Realme Note 50,6GB,256GB,33650000.0,32650000.0,Con hang,Moi 100%,TGDD,2026-06-11
PROD_TGD_101390,Dien thoai Realme Realme Note 50 6GB/64GB - Moi 100%,Realme,Realme Note 50,6GB,64GB,37760000.0,37260000.0,Con hang,Moi 100%,TGDD,2026-06-11
PROD_CEL_101391,Dien thoai Xiaomi Redmi Note 13 4GB/1TB - Moi 100%,Xiaomi,Redmi Note 13,4GB,1TB,42480000.0,40480000.0,Con hang,Moi 100%,CellphoneS,2026-06-11
PROD_CEL_101392,Dien thoai Oppo Reno11 F 16GB/64GB - Moi 100%,Oppo,Reno11 F,16GB,64GB,36280000.0,35780000.0,Con hang,Moi 100%,CellphoneS,2026-06-11
PROD_TGD_101393,Dien thoai Oppo A78 16GB/128GB - Moi 100%,Oppo,A78,16GB,128GB,32540000.0,31540000.0,Con hang,Moi 100%,TGDD,2026-06-11
PROD_TGD_101394,Dien thoai Samsung Galaxy S24 Ultra 6GB/512GB - Moi 100%,Samsung,Galaxy S24 Ultra,6GB,512GB,42320000.0,41820000.0,Con hang,Moi 100%,TGDD,2026-06-11
PROD_CEL_101395,Dien thoai Samsung Galaxy Z Fold6 8GB/256GB - Moi 100%,samsung,Galaxy Z Fold6,8GB,256GB,31780000.0,,Con hang,Moi 100%,CellphoneS,2026-06-11
PROD_CEL_101396,Dien thoai Samsung Galaxy A55 8GB/512GB - Moi 100%,Samsung,Galaxy A55,8GB,512GB,35980000.0,35480000.0,Het hang,Moi 100%,CellphoneS,2026-06-11
PROD_CEL_101397,Dien thoai Oppo Find N3 Flip 8GB/128GB - Moi 100%,Oppo,Find N3 Flip,8GB,128GB,36490000.0,35490000.0,Con hang,Moi 100%,CellphoneS,2026-06-11
PROD_TGD_101398,Dien thoai Apple iPhone 13 8GB/1TB - Moi 100%,Apple,iPhone 13,8GB,1TB,43950000.0,42950000.0,Con hang,Moi 100%,TGDD,2026-06-11
PROD_CEL_101399,Dien thoai Vivo X100 Pro 16GB/64GB - Moi 100%,Vivo,X100 Pro,16GB,64GB,34100000.0,33100000.0,Con hang,Moi 100%,CellphoneS,2026-06-11
PROD_TGD_101400,Dien thoai Vivo X100 Pro 12GB/128GB - Moi 100%,Vivo,X100 Pro,12GB,128GB,40770000.0,40770000.0,Con hang,Moi 100%,TGDD,2026-06-11
PROD_TGD_101401,Dien thoai Apple iPhone 15 Pro Max 16GB/128GB - Moi 100%,Apple,iPhone 15 Pro Max,16GB,128GB,37730000.0,36730000.0,Con hang,Moi 100%,TGDD,2026-06-11
PROD_CEL_101402,Dien thoai Realme Realme Note 50 6GB/1TB - Moi 100%,Realme,Realme Note 50,6GB,1TB,44370000.0,42370000.0,Con hang,Moi 100%,CellphoneS,2026-06-11
PROD_TGD_101403,Dien thoai Vivo V30 5G 16GB/512GB - Da kich hoat,Vivo,V30 5G,16GB,512GB,35100000.0,33100000.0,Het hang,Da kich hoat,TGDD,2026-06-11
PROD_TGD_101404,Dien thoai Oppo Reno11 F 12GB/64GB - Moi 100%,Oppo,Reno11 F,12GB,64GB,42760000.0,42760000.0,Con hang,Moi 100%,TGDD,2026-06-11
PROD_CEL_101405,Dien thoai Samsung Galaxy S24 Ultra 12GB/256GB - Moi 100%,Samsung,Galaxy S24 Ultra,12GB,256GB,34080000.0,33580000.0,Con hang,Moi 100%,CellphoneS,2026-06-11
PROD_CEL_101406,Dien thoai Apple iPhone 14 Pro 12GB/512GB - Moi 100%,Apple,iPhone 14 Pro,12GB,512GB,32350000.0,30350000.0,Con hang,Moi 100%,CellphoneS,2026-06-11
PROD_TGD_101407,Dien thoai Realme Realme C65 8GB/64GB - Moi 100%,Realme,Realme C65,8GB,64GB,34340000.0,33340000.0,Con hang,Moi 100%,TGDD,2026-06-11
PROD_TGD_101408,Dien thoai Samsung Galaxy Z Fold6 16GB/256GB - Moi 100%,Samsung,Galaxy Z Fold6,16GB,256GB,35890000.0,35390000.0,Con hang,Moi 100%,TGDD,2026-06-11
PROD_CEL_101409,Dien thoai Oppo Find N3 Flip 6GB/1TB - Moi 100%,Oppo,Find N3 Flip,6GB,1TB,31480000.0,31480000.0,Con hang,Moi 100%,CellphoneS,2026-06-11
PROD_CEL_101410,Dien thoai Samsung Galaxy S24 Ultra 6GB/512GB - Da kich hoat,samsung,Galaxy S24 Ultra,6GB,512GB,31020000.0,30020000.0,Het hang,Da kich hoat,CellphoneS,2026-06-11
PROD_CEL_101411,Dien thoai Realme Realme Note 50 6GB/1TB - Moi 100%,Realme,Realme Note 50,6GB,1TB,42650000.0,42650000.0,Con hang,Moi 100%,CellphoneS,2026-06-11
PROD_TGD_101412,Dien thoai Samsung Galaxy A55 12GB/128GB - Moi 100%,Samsung,Galaxy A55,12GB,128GB,41410000.0,40910000.0,Con hang,Moi 100%,TGDD,2026-06-11
PROD_TGD_101413,Dien thoai Realme Realme C65 16GB/512GB - Moi 100%,Realme,Realme C65,16GB,512GB,39910000.0,39910000.0,Con hang,Moi 100%,TGDD,2026-06-11
PROD_CEL_101414,Dien thoai Oppo Find N3 Flip 12GB/256GB - Moi 100%,Oppo,Find N3 Flip,12GB,256GB,32540000.0,31540000.0,Het hang,Moi 100%,CellphoneS,2026-06-11
PROD_TGD_101415,Dien thoai Realme Realme Note 50 8GB/256GB - Moi 100%,Realme,Realme Note 50,8GB,256GB,31410000.0,31410000.0,Con hang,Moi 100%,TGDD,2026-06-11
PROD_CEL_101416,Dien thoai Vivo Y100 12GB/128GB - Moi 100%,Vivo,Y100,12GB,128GB,34720000.0,32720000.0,Het hang,Moi 100%,CellphoneS,2026-06-11
PROD_CEL_101417,Dien thoai Realme Realme 12 Rest 6GB/64GB - Moi 100%,Realme,Realme 12 Rest,6GB,64GB,44500000.0,42500000.0,Het hang,Moi 100%,CellphoneS,2026-06-11
PROD_CEL_101418,Dien thoai Realme Realme Note 50 12GB/64GB - Moi 100%,Realme,Realme Note 50,12GB,64GB,44400000.0,43900000.0,Het hang,Moi 100%,CellphoneS,2026-06-11
PROD_CEL_101419,Dien thoai Vivo Y100 12GB/512GB - Moi 100%,Vivo,Y100,12GB,512GB,40510000.0,40010000.0,Con hang,Moi 100%,CellphoneS,2026-06-11
PROD_TGD_101420,Dien thoai Xiaomi Poco X6 Pro 8GB/256GB - Moi 100%,Xiaomi,Poco X6 Pro,8GB,256GB,32860000.0,32860000.0,Con hang,Moi 100%,TGDD,2026-06-11
PROD_CEL_101421,Dien thoai Apple iPhone 13 12GB/512GB - Moi 100%,Apple,iPhone 13,12GB,512GB,35090000.0,35090000.0,Con hang,Moi 100%,CellphoneS,2026-06-11
PROD_TGD_101422,Dien thoai Vivo V30 5G 6GB/1TB - Moi 100%,Vivo,V30 5G,6GB,1TB,41570000.0,39570000.0,Het hang,Moi 100%,TGDD,2026-06-11
PROD_CEL_101423,Dien thoai Vivo V30 5G 8GB/512GB - Moi 100%,Vivo,V30 5G,8GB,512GB,36480000.0,35980000.0,Con hang,Moi 100%,CellphoneS,2026-06-11
PROD_CEL_101424,Dien thoai Samsung Galaxy A55 16GB/64GB - Da kich hoat,Samsung,Galaxy A55,16GB,64GB,43980000.0,42980000.0,Con hang,Da kich hoat,CellphoneS,2026-06-11
PROD_CEL_101425,Dien thoai Apple iPhone 14 Pro 6GB/512GB - Moi 100%,apple,iPhone 14 Pro,6GB,512GB,39980000.0,38980000.0,Het hang,Moi 100%,CellphoneS,2026-06-11
PROD_TGD_101426,Dien thoai Vivo V30 5G 8GB/512GB - Moi 100%,Vivo,V30 5G,8GB,512GB,31610000.0,31610000.0,Con hang,Moi 100%,TGDD,2026-06-11
PROD_TGD_101427,Dien thoai Apple iPhone 14 Pro 6GB/128GB - Moi 100%,Apple,iPhone 14 Pro,6GB,128GB,32160000.0,30160000.0,Con hang,Moi 100%,TGDD,2026-06-11
PROD_CEL_101428,Dien thoai Realme Realme 12 Rest 12GB/64GB - Moi 100%,Realme,Realme 12 Rest,12GB,64GB,38500000.0,37500000.0,Con hang,Moi 100%,CellphoneS,2026-06-11
PROD_TGD_101429,Dien thoai Xiaomi Poco X6 Pro 12GB/128GB - Moi 100%,Xiaomi,Poco X6 Pro,12GB,128GB,40870000.0,40870000.0,Con hang,Moi 100%,TGDD,2026-06-11
PROD_TGD_101430,Dien thoai Oppo A78 16GB/256GB - Hang trung bay,Oppo,A78,16GB,256GB,33640000.0,33140000.0,Con hang,Hang trung bay,TGDD,2026-06-11
PROD_CEL_101431,Dien thoai Samsung Galaxy A55 6GB/256GB - Moi 100%,Samsung,Galaxy A55,6GB,256GB,36330000.0,35330000.0,Con hang,Moi 100%,CellphoneS,2026-06-11
PROD_TGD_101432,Dien thoai Oppo Find N3 Flip 16GB/256GB - Moi 100%,Oppo,Find N3 Flip,16GB,256GB,31590000.0,30590000.0,Con hang,Moi 100%,TGDD,2026-06-11
PROD_TGD_101433,Dien thoai Vivo Y100 8GB/64GB - Moi 100%,Vivo,Y100,8GB,64GB,40570000.0,40570000.0,Con hang,Moi 100%,TGDD,2026-06-11
PROD_TGD_101434,Dien thoai Oppo Reno11 F 8GB/1TB - Moi 100%,Oppo,Reno11 F,8GB,1TB,31440000.0,29440000.0,Con hang,Moi 100%,TGDD,2026-06-11
PROD_CEL_101435,Dien thoai Apple iPhone 13 12GB/128GB - Moi 100%,Apple,iPhone 13,12GB,128GB,42620000.0,41620000.0,Con hang,Moi 100%,CellphoneS,2026-06-11
PROD_TGD_101436,Dien thoai Xiaomi Xiaomi 14 12GB/1TB - Hang trung bay,Xiaomi,Xiaomi 14,12GB,1TB,33180000.0,33180000.0,Con hang,Hang trung bay,TGDD,2026-06-11
PROD_CEL_101437,Dien thoai Apple iPhone 13 6GB/128GB - Moi 100%,Apple,iPhone 13,6GB,128GB,32860000.0,32860000.0,Con hang,Moi 100%,CellphoneS,2026-06-11
PROD_TGD_101438,Dien thoai Xiaomi Redmi Note 13 4GB/256GB - Moi 100%,Xiaomi,Redmi Note 13,4GB,256GB,31430000.0,30430000.0,Con hang,Moi 100%,TGDD,2026-06-11
PROD_TGD_101439,Dien thoai Samsung Galaxy Z Fold6 6GB/256GB - Moi 100%,Samsung,Galaxy Z Fold6,6GB,256GB,42680000.0,42680000.0,Het hang,Moi 100%,TGDD,2026-06-11
PROD_TGD_101440,Dien thoai Oppo Reno11 F 8GB/128GB - Moi 100%,oppo,Reno11 F,8GB,128GB,,,Het hang,Moi 100%,TGDD,2026-06-11
PROD_TGD_101441,Dien thoai Samsung Galaxy S24 Ultra 16GB/128GB - Da kich hoat,Samsung,Galaxy S24 Ultra,16GB,128GB,33650000.0,33650000.0,Con hang,Da kich hoat,TGDD,2026-06-11
PROD_TGD_101442,Dien thoai Xiaomi Redmi Note 13 12GB/128GB - Moi 100%,Xiaomi,Redmi Note 13,12GB,128GB,35940000.0,35940000.0,Con hang,Moi 100%,TGDD,2026-06-11
PROD_CEL_101443,Dien thoai Samsung Galaxy A55 4GB/64GB - Moi 100%,Samsung,Galaxy A55,4GB,64GB,36330000.0,35830000.0,Con hang,Moi 100%,CellphoneS,2026-06-11
PROD_TGD_101444,Dien thoai Realme Realme Note 50 6GB/128GB - Moi 100%,Realme,Realme Note 50,6GB,128GB,42400000.0,42400000.0,Con hang,Moi 100%,TGDD,2026-06-11
PROD_CEL_101445,Dien thoai Realme Realme Note 50 8GB/1TB - Moi 100%,Realme,Realme Note 50,8GB,1TB,40710000.0,40210000.0,Con hang,Moi 100%,CellphoneS,2026-06-11
PROD_TGD_101446,Dien thoai Vivo V30 5G 8GB/1TB - Moi 100%,Vivo,V30 5G,8GB,1TB,31020000.0,30520000.0,Het hang,Moi 100%,TGDD,2026-06-11
PROD_CEL_101447,Dien thoai Apple iPhone 13 12GB/512GB - Moi 100%,Apple,iPhone 13,12GB,512GB,37350000.0,37350000.0,Con hang,Moi 100%,CellphoneS,2026-06-11
PROD_CEL_101448,Dien thoai Xiaomi Xiaomi 14 12GB/256GB - Moi 100%,Xiaomi,Xiaomi 14,12GB,256GB,31820000.0,31320000.0,Het hang,Moi 100%,CellphoneS,2026-06-11
PROD_CEL_101449,Dien thoai Realme Realme C65 6GB/64GB - Moi 100%,Realme,Realme C65,6GB,64GB,43180000.0,42180000.0,Con hang,Moi 100%,CellphoneS,2026-06-11
PROD_TGD_101450,Dien thoai Samsung Galaxy S24 Ultra 16GB/1TB - Moi 100%,Samsung,Galaxy S24 Ultra,16GB,1TB,42920000.0,41920000.0,Con hang,Moi 100%,TGDD,2026-06-11
PROD_CEL_101451,Dien thoai Apple iPhone 14 Pro 4GB/1TB - Moi 100%,Apple,iPhone 14 Pro,4GB,1TB,43560000.0,43560000.0,Con hang,Moi 100%,CellphoneS,2026-06-11
PROD_TGD_101452,Dien thoai Vivo V30 5G 6GB/512GB - Moi 100%,Vivo,V30 5G,6GB,512GB,38760000.0,36760000.0,Con hang,Moi 100%,TGDD,2026-06-11
PROD_TGD_101453,Dien thoai Apple iPhone 14 Pro 6GB/512GB - Moi 100%,Apple,iPhone 14 Pro,6GB,512GB,39180000.0,38680000.0,Het hang,Moi 100%,TGDD,2026-06-11
PROD_TGD_101454,Dien thoai Vivo X100 Pro 6GB/1TB - Moi 100%,Vivo,X100 Pro,6GB,1TB,40500000.0,40500000.0,Con hang,Moi 100%,TGDD,2026-06-11
PROD_CEL_101455,Dien thoai Samsung Galaxy S24 Ultra 12GB/256GB - Moi 100%,samsung,Galaxy S24 Ultra,12GB,256GB,31140000.0,30140000.0,Con hang,Moi 100%,CellphoneS,2026-06-11
PROD_CEL_101456,Dien thoai Realme Realme C65 8GB/512GB - Moi 100%,Realme,Realme C65,8GB,512GB,35400000.0,34900000.0,Con hang,Moi 100%,CellphoneS,2026-06-11
PROD_CEL_101457,Dien thoai Vivo Y100 6GB/1TB - Moi 100%,Vivo,Y100,6GB,1TB,38070000.0,37070000.0,Con hang,Moi 100%,CellphoneS,2026-06-11
PROD_CEL_101458,Dien thoai Realme Realme C65 16GB/256GB - Moi 100%,Realme,Realme C65,16GB,256GB,34420000.0,32420000.0,Con hang,Moi 100%,CellphoneS,2026-06-11
PROD_TGD_101459,Dien thoai Xiaomi Redmi Note 13 6GB/256GB - Moi 100%,Xiaomi,Redmi Note 13,6GB,256GB,43870000.0,43370000.0,Con hang,Moi 100%,TGDD,2026-06-11
PROD_TGD_101460,Dien thoai Apple iPhone 14 Pro 4GB/1TB - Da kich hoat,Apple,iPhone 14 Pro,4GB,1TB,36940000.0,36440000.0,Con hang,Da kich hoat,TGDD,2026-06-11
PROD_TGD_101461,Dien thoai Realme Realme 12 Rest 4GB/128GB - Moi 100%,Realme,Realme 12 Rest,4GB,128GB,40770000.0,39770000.0,Con hang,Moi 100%,TGDD,2026-06-11
PROD_TGD_101462,Dien thoai Xiaomi Poco X6 Pro 4GB/1TB - Moi 100%,Xiaomi,Poco X6 Pro,4GB,1TB,35230000.0,35230000.0,Het hang,Moi 100%,TGDD,2026-06-11
PROD_CEL_101463,Dien thoai Realme Realme C65 12GB/128GB - Moi 100%,Realme,Realme C65,12GB,128GB,36280000.0,35780000.0,Con hang,Moi 100%,CellphoneS,2026-06-11
PROD_TGD_101464,Dien thoai Samsung Galaxy Z Fold6 8GB/512GB - Moi 100%,Samsung,Galaxy Z Fold6,8GB,512GB,43810000.0,42810000.0,Con hang,Moi 100%,TGDD,2026-06-11
PROD_TGD_101465,Dien thoai Xiaomi Xiaomi 14 12GB/256GB - Moi 100%,Xiaomi,Xiaomi 14,12GB,256GB,40800000.0,39800000.0,Het hang,Moi 100%,TGDD,2026-06-11
PROD_TGD_101466,Dien thoai Apple iPhone 15 Pro Max 8GB/128GB - Moi 100%,Apple,iPhone 15 Pro Max,8GB,128GB,44470000.0,44470000.0,Con hang,Moi 100%,TGDD,2026-06-11
PROD_TGD_101467,Dien thoai Samsung Galaxy S24 Ultra 8GB/128GB - Moi 100%,Samsung,Galaxy S24 Ultra,8GB,128GB,40250000.0,39250000.0,Con hang,Moi 100%,TGDD,2026-06-11
PROD_TGD_101468,Dien thoai Vivo V30 5G 12GB/1TB - Moi 100%,Vivo,V30 5G,12GB,1TB,33800000.0,31800000.0,Con hang,Moi 100%,TGDD,2026-06-11
PROD_TGD_101469,Dien thoai Realme Realme C65 12GB/512GB - Moi 100%,Realme,Realme C65,12GB,512GB,30630000.0,30130000.0,Het hang,Moi 100%,TGDD,2026-06-11
PROD_CEL_101470,Dien thoai Realme Realme C65 16GB/256GB - Moi 100%,realme,Realme C65,16GB,256GB,32720000.0,30720000.0,Con hang,Moi 100%,CellphoneS,2026-06-11
PROD_TGD_101471,Dien thoai Samsung Galaxy S24 Ultra 4GB/512GB - Moi 100%,Samsung,Galaxy S24 Ultra,4GB,512GB,40640000.0,40640000.0,Con hang,Moi 100%,TGDD,2026-06-11
PROD_TGD_101472,Dien thoai Xiaomi Xiaomi 14 4GB/64GB - Moi 100%,Xiaomi,Xiaomi 14,4GB,64GB,33810000.0,31810000.0,Con hang,Moi 100%,TGDD,2026-06-11
PROD_CEL_101473,Dien thoai Apple iPhone 13 4GB/256GB - Moi 100%,Apple,iPhone 13,4GB,256GB,39820000.0,37820000.0,Con hang,Moi 100%,CellphoneS,2026-06-11
PROD_TGD_101474,Dien thoai Oppo A78 16GB/128GB - Moi 100%,Oppo,A78,16GB,128GB,44190000.0,43690000.0,Con hang,Moi 100%,TGDD,2026-06-11
PROD_CEL_101475,Dien thoai Apple iPhone 14 Pro 16GB/1TB - Moi 100%,Apple,iPhone 14 Pro,16GB,1TB,41020000.0,40520000.0,Con hang,Moi 100%,CellphoneS,2026-06-11
PROD_TGD_101476,Dien thoai Realme Realme 12 Rest 12GB/256GB - Moi 100%,Realme,Realme 12 Rest,12GB,256GB,35020000.0,34020000.0,Con hang,Moi 100%,TGDD,2026-06-11
PROD_CEL_101477,Dien thoai Oppo A78 4GB/64GB - Moi 100%,Oppo,A78,4GB,64GB,41610000.0,39610000.0,Con hang,Moi 100%,CellphoneS,2026-06-11
PROD_CEL_101478,Dien thoai Vivo Y100 8GB/512GB - Moi 100%,Vivo,Y100,8GB,512GB,42570000.0,42070000.0,Con hang,Moi 100%,CellphoneS,2026-06-11
PROD_CEL_101479,Dien thoai Vivo V30 5G 12GB/128GB - Moi 100%,Vivo,V30 5G,12GB,128GB,34100000.0,33600000.0,Con hang,Moi 100%,CellphoneS,2026-06-11
PROD_TGD_101480,Dien thoai Samsung Galaxy S24 Ultra 8GB/1TB - Moi 100%,Samsung,Galaxy S24 Ultra,8GB,1TB,44130000.0,44130000.0,Het hang,Moi 100%,TGDD,2026-06-11
PROD_TGD_101481,Dien thoai Vivo V30 5G 6GB/512GB - Moi 100%,Vivo,V30 5G,6GB,512GB,31840000.0,29840000.0,Het hang,Moi 100%,TGDD,2026-06-11
PROD_TGD_101482,Dien thoai Oppo Reno11 F 6GB/256GB - Hang trung bay,Oppo,Reno11 F,6GB,256GB,33510000.0,33010000.0,Con hang,Hang trung bay,TGDD,2026-06-11
PROD_CEL_101483,Dien thoai Samsung Galaxy A55 16GB/512GB - Moi 100%,Samsung,Galaxy A55,16GB,512GB,35310000.0,33310000.0,Con hang,Moi 100%,CellphoneS,2026-06-11
PROD_CEL_101484,Dien thoai Oppo Find N3 Flip 12GB/512GB - Moi 100%,Oppo,Find N3 Flip,12GB,512GB,33980000.0,33980000.0,Con hang,Moi 100%,CellphoneS,2026-06-11
PROD_TGD_101485,Dien thoai Samsung Galaxy Z Fold6 8GB/256GB - Moi 100%,samsung,Galaxy Z Fold6,8GB,256GB,36080000.0,,Con hang,Moi 100%,TGDD,2026-06-11
PROD_TGD_101486,Dien thoai Realme Realme Note 50 16GB/128GB - Moi 100%,Realme,Realme Note 50,16GB,128GB,38840000.0,38340000.0,Con hang,Moi 100%,TGDD,2026-06-11
PROD_CEL_101487,Dien thoai Xiaomi Xiaomi 14 6GB/256GB - Moi 100%,Xiaomi,Xiaomi 14,6GB,256GB,33520000.0,33020000.0,Con hang,Moi 100%,CellphoneS,2026-06-11
PROD_CEL_101488,Dien thoai Vivo X100 Pro 12GB/1TB - Moi 100%,Vivo,X100 Pro,12GB,1TB,35840000.0,35840000.0,Het hang,Moi 100%,CellphoneS,2026-06-11
PROD_CEL_101489,Dien thoai Samsung Galaxy A55 8GB/128GB - Moi 100%,Samsung,Galaxy A55,8GB,128GB,32800000.0,30800000.0,Con hang,Moi 100%,CellphoneS,2026-06-11
PROD_CEL_101490,Dien thoai Realme Realme 12 Rest 12GB/512GB - Moi 100%,Realme,Realme 12 Rest,12GB,512GB,39760000.0,39260000.0,Con hang,Moi 100%,CellphoneS,2026-06-11
PROD_CEL_101491,Dien thoai Realme Realme Note 50 8GB/128GB - Moi 100%,Realme,Realme Note 50,8GB,128GB,39240000.0,39240000.0,Con hang,Moi 100%,CellphoneS,2026-06-11
PROD_TGD_101492,Dien thoai Xiaomi Poco X6 Pro 12GB/256GB - Moi 100%,Xiaomi,Poco X6 Pro,12GB,256GB,35810000.0,33810000.0,Con hang,Moi 100%,TGDD,2026-06-11
PROD_TGD_101493,Dien thoai Apple iPhone 15 Pro Max 16GB/512GB - Moi 100%,Apple,iPhone 15 Pro Max,16GB,512GB,40610000.0,39610000.0,Het hang,Moi 100%,TGDD,2026-06-11
PROD_TGD_101494,Dien thoai Realme Realme C65 6GB/1TB - Moi 100%,Realme,Realme C65,6GB,1TB,40040000.0,40040000.0,Het hang,Moi 100%,TGDD,2026-06-11
PROD_TGD_101495,Dien thoai Realme Realme C65 16GB/256GB - Moi 100%,Realme,Realme C65,16GB,256GB,39010000.0,38510000.0,Con hang,Moi 100%,TGDD,2026-06-11
PROD_CEL_101496,Dien thoai Oppo Find N3 Flip 8GB/1TB - Moi 100%,Oppo,Find N3 Flip,8GB,1TB,31400000.0,31400000.0,Con hang,Moi 100%,CellphoneS,2026-06-11
PROD_TGD_101497,Dien thoai Vivo V30 5G 12GB/256GB - Moi 100%,Vivo,V30 5G,12GB,256GB,30290000.0,29290000.0,Het hang,Moi 100%,TGDD,2026-06-11
PROD_TGD_101498,Dien thoai Realme Realme C65 8GB/1TB - Moi 100%,Realme,Realme C65,8GB,1TB,33630000.0,32630000.0,Con hang,Moi 100%,TGDD,2026-06-11
PROD_TGD_101499,Dien thoai Samsung Galaxy A55 8GB/512GB - Moi 100%,Samsung,Galaxy A55,8GB,512GB,33520000.0,33520000.0,Con hang,Moi 100%,TGDD,2026-06-11
PROD_TGD_101500,Dien thoai Vivo X100 Pro 6GB/64GB - Moi 100%,vivo,X100 Pro,6GB,64GB,43760000.0,43260000.0,Con hang,Moi 100%,TGDD,2026-06-11
PROD_TGD_101501,Dien thoai Vivo X100 Pro 16GB/512GB - Moi 100%,Vivo,X100 Pro,16GB,512GB,33130000.0,33130000.0,Con hang,Moi 100%,TGDD,2026-06-11
PROD_CEL_101502,Dien thoai Vivo V30 5G 6GB/128GB - Da kich hoat,Vivo,V30 5G,6GB,128GB,40050000.0,38050000.0,Het hang,Da kich hoat,CellphoneS,2026-06-11
PROD_TGD_101503,Dien thoai Vivo Y100 16GB/128GB - Moi 100%,Vivo,Y100,16GB,128GB,33480000.0,31480000.0,Con hang,Moi 100%,TGDD,2026-06-11
PROD_TGD_101504,Dien thoai Realme Realme Note 50 16GB/1TB - Moi 100%,Realme,Realme Note 50,16GB,1TB,30270000.0,29770000.0,Con hang,Moi 100%,TGDD,2026-06-11
PROD_TGD_101505,Dien thoai Realme Realme Note 50 12GB/64GB - Moi 100%,Realme,Realme Note 50,12GB,64GB,37300000.0,36300000.0,Con hang,Moi 100%,TGDD,2026-06-11
PROD_CEL_101506,Dien thoai Oppo A78 4GB/128GB - Moi 100%,Oppo,A78,4GB,128GB,44580000.0,44080000.0,Con hang,Moi 100%,CellphoneS,2026-06-11
PROD_TGD_101507,Dien thoai Xiaomi Redmi Note 13 16GB/1TB - Moi 100%,Xiaomi,Redmi Note 13,16GB,1TB,43480000.0,42480000.0,Con hang,Moi 100%,TGDD,2026-06-11
PROD_CEL_101508,Dien thoai Oppo Find N3 Flip 12GB/128GB - Moi 100%,Oppo,Find N3 Flip,12GB,128GB,42940000.0,42940000.0,Con hang,Moi 100%,CellphoneS,2026-06-11
PROD_TGD_101509,Dien thoai Oppo A78 8GB/1TB - Moi 100%,Oppo,A78,8GB,1TB,42950000.0,42950000.0,Con hang,Moi 100%,TGDD,2026-06-11
PROD_CEL_101510,Dien thoai Xiaomi Redmi Note 13 16GB/512GB - Da kich hoat,Xiaomi,Redmi Note 13,16GB,512GB,36610000.0,36110000.0,Con hang,Da kich hoat,CellphoneS,2026-06-11
PROD_TGD_101511,Dien thoai Realme Realme C65 8GB/256GB - Moi 100%,Realme,Realme C65,8GB,256GB,30830000.0,29830000.0,Con hang,Moi 100%,TGDD,2026-06-11
PROD_TGD_101512,Dien thoai Samsung Galaxy Z Fold6 6GB/256GB - Moi 100%,Samsung,Galaxy Z Fold6,6GB,256GB,38820000.0,37820000.0,Con hang,Moi 100%,TGDD,2026-06-11
PROD_TGD_101513,Dien thoai Vivo X100 Pro 8GB/128GB - Moi 100%,Vivo,X100 Pro,8GB,128GB,38280000.0,38280000.0,Con hang,Moi 100%,TGDD,2026-06-11
PROD_TGD_101514,Dien thoai Realme Realme 12 Rest 8GB/128GB - Moi 100%,Realme,Realme 12 Rest,8GB,128GB,36690000.0,36190000.0,Con hang,Moi 100%,TGDD,2026-06-11
PROD_TGD_101515,Dien thoai Realme Realme C65 12GB/512GB - Moi 100%,realme,Realme C65,12GB,512GB,33180000.0,31180000.0,Con hang,Moi 100%,TGDD,2026-06-11
PROD_TGD_101516,Dien thoai Realme Realme C65 16GB/1TB - Moi 100%,Realme,Realme C65,16GB,1TB,43490000.0,41490000.0,Con hang,Moi 100%,TGDD,2026-06-11
PROD_TGD_101517,Dien thoai Oppo A78 8GB/1TB - Moi 100%,Oppo,A78,8GB,1TB,31770000.0,31770000.0,Con hang,Moi 100%,TGDD,2026-06-11
PROD_CEL_101518,Dien thoai Apple iPhone 14 Pro 8GB/256GB - Moi 100%,Apple,iPhone 14 Pro,8GB,256GB,44460000.0,43460000.0,Con hang,Moi 100%,CellphoneS,2026-06-11
PROD_CEL_101519,Dien thoai Apple iPhone 13 6GB/128GB - Moi 100%,Apple,iPhone 13,6GB,128GB,41970000.0,40970000.0,Con hang,Moi 100%,CellphoneS,2026-06-11
PROD_TGD_101520,Dien thoai Samsung Galaxy S24 Ultra 12GB/128GB - Moi 100%,Samsung,Galaxy S24 Ultra,12GB,128GB,,32670000.0,Con hang,Moi 100%,TGDD,2026-06-11
PROD_CEL_101521,Dien thoai Realme Realme 12 Rest 12GB/64GB - Moi 100%,Realme,Realme 12 Rest,12GB,64GB,33150000.0,33150000.0,Het hang,Moi 100%,CellphoneS,2026-06-11
PROD_TGD_101522,Dien thoai Realme Realme C65 8GB/128GB - Moi 100%,Realme,Realme C65,8GB,128GB,30080000.0,28080000.0,Con hang,Moi 100%,TGDD,2026-06-11
PROD_TGD_101523,Dien thoai Apple iPhone 15 Pro Max 6GB/512GB - Moi 100%,Apple,iPhone 15 Pro Max,6GB,512GB,38590000.0,36590000.0,Con hang,Moi 100%,TGDD,2026-06-11
PROD_TGD_101524,Dien thoai Oppo Reno11 F 16GB/256GB - Moi 100%,Oppo,Reno11 F,16GB,256GB,34630000.0,34630000.0,Con hang,Moi 100%,TGDD,2026-06-11
PROD_TGD_101525,Dien thoai Realme Realme C65 8GB/512GB - Moi 100%,Realme,Realme C65,8GB,512GB,41740000.0,40740000.0,Con hang,Moi 100%,TGDD,2026-06-11
PROD_TGD_101526,Dien thoai Oppo A78 8GB/256GB - Moi 100%,Oppo,A78,8GB,256GB,35700000.0,34700000.0,Con hang,Moi 100%,TGDD,2026-06-11
PROD_CEL_101527,Dien thoai Oppo A78 12GB/256GB - Da kich hoat,Oppo,A78,12GB,256GB,36420000.0,35920000.0,Con hang,Da kich hoat,CellphoneS,2026-06-11
PROD_CEL_101528,Dien thoai Samsung Galaxy A55 4GB/512GB - Moi 100%,Samsung,Galaxy A55,4GB,512GB,38790000.0,38290000.0,Con hang,Moi 100%,CellphoneS,2026-06-11
PROD_TGD_101529,Dien thoai Oppo Find N3 Flip 12GB/512GB - Moi 100%,Oppo,Find N3 Flip,12GB,512GB,41550000.0,41550000.0,Con hang,Moi 100%,TGDD,2026-06-11
PROD_TGD_101530,Dien thoai Realme Realme C65 12GB/1TB - Moi 100%,realme,Realme C65,12GB,1TB,35070000.0,,Con hang,Moi 100%,TGDD,2026-06-11
PROD_TGD_101531,Dien thoai Apple iPhone 13 6GB/256GB - Moi 100%,Apple,iPhone 13,6GB,256GB,44290000.0,42290000.0,Con hang,Moi 100%,TGDD,2026-06-11
PROD_CEL_101532,Dien thoai Vivo Y100 8GB/512GB - Moi 100%,Vivo,Y100,8GB,512GB,41090000.0,41090000.0,Het hang,Moi 100%,CellphoneS,2026-06-11
PROD_CEL_101533,Dien thoai Vivo X100 Pro 6GB/64GB - Moi 100%,Vivo,X100 Pro,6GB,64GB,32480000.0,31980000.0,Con hang,Moi 100%,CellphoneS,2026-06-11
PROD_CEL_101534,Dien thoai Vivo Y100 8GB/64GB - Hang trung bay,Vivo,Y100,8GB,64GB,32860000.0,30860000.0,Con hang,Hang trung bay,CellphoneS,2026-06-11
PROD_TGD_101535,Dien thoai Xiaomi Xiaomi 14 12GB/128GB - Moi 100%,Xiaomi,Xiaomi 14,12GB,128GB,42700000.0,42200000.0,Con hang,Moi 100%,TGDD,2026-06-11
PROD_CEL_101536,Dien thoai Vivo X100 Pro 16GB/128GB - Moi 100%,Vivo,X100 Pro,16GB,128GB,36270000.0,35270000.0,Con hang,Moi 100%,CellphoneS,2026-06-11
PROD_TGD_101537,Dien thoai Xiaomi Xiaomi 14 4GB/256GB - Moi 100%,Xiaomi,Xiaomi 14,4GB,256GB,36780000.0,36780000.0,Het hang,Moi 100%,TGDD,2026-06-11
PROD_CEL_101538,Dien thoai Realme Realme Note 50 16GB/128GB - Moi 100%,Realme,Realme Note 50,16GB,128GB,33070000.0,32070000.0,Con hang,Moi 100%,CellphoneS,2026-06-11
PROD_CEL_101539,Dien thoai Oppo Reno11 F 4GB/256GB - Moi 100%,Oppo,Reno11 F,4GB,256GB,38790000.0,38290000.0,Het hang,Moi 100%,CellphoneS,2026-06-11
PROD_TGD_101540,Dien thoai Samsung Galaxy S24 Ultra 8GB/64GB - Moi 100%,Samsung,Galaxy S24 Ultra,8GB,64GB,38800000.0,36800000.0,Con hang,Moi 100%,TGDD,2026-06-11
PROD_TGD_101541,Dien thoai Samsung Galaxy Z Fold6 12GB/1TB - Moi 100%,Samsung,Galaxy Z Fold6,12GB,1TB,43650000.0,43150000.0,Het hang,Moi 100%,TGDD,2026-06-11
PROD_CEL_101542,Dien thoai Realme Realme Note 50 16GB/1TB - Moi 100%,Realme,Realme Note 50,16GB,1TB,36420000.0,34420000.0,Het hang,Moi 100%,CellphoneS,2026-06-11
PROD_CEL_101543,Dien thoai Realme Realme Note 50 4GB/256GB - Moi 100%,Realme,Realme Note 50,4GB,256GB,31150000.0,30150000.0,Con hang,Moi 100%,CellphoneS,2026-06-11
PROD_TGD_101544,Dien thoai Oppo Find N3 Flip 4GB/1TB - Da kich hoat,Oppo,Find N3 Flip,4GB,1TB,37640000.0,36640000.0,Con hang,Da kich hoat,TGDD,2026-06-11
PROD_CEL_101545,Dien thoai Oppo Reno11 F 8GB/256GB - Moi 100%,oppo,Reno11 F,8GB,256GB,38570000.0,38570000.0,Con hang,Moi 100%,CellphoneS,2026-06-11
PROD_TGD_101546,Dien thoai Vivo Y100 6GB/128GB - Moi 100%,Vivo,Y100,6GB,128GB,30220000.0,28220000.0,Con hang,Moi 100%,TGDD,2026-06-11
PROD_CEL_101547,Dien thoai Vivo X100 Pro 8GB/128GB - Moi 100%,Vivo,X100 Pro,8GB,128GB,33340000.0,31340000.0,Con hang,Moi 100%,CellphoneS,2026-06-11
PROD_CEL_101548,Dien thoai Oppo Reno11 F 12GB/64GB - Moi 100%,Oppo,Reno11 F,12GB,64GB,40430000.0,38430000.0,Con hang,Moi 100%,CellphoneS,2026-06-11
PROD_CEL_101549,Dien thoai Apple iPhone 15 Pro Max 4GB/128GB - Moi 100%,Apple,iPhone 15 Pro Max,4GB,128GB,33650000.0,33150000.0,Con hang,Moi 100%,CellphoneS,2026-06-11
PROD_TGD_101550,Dien thoai Oppo Reno11 F 4GB/128GB - Moi 100%,Oppo,Reno11 F,4GB,128GB,44360000.0,42360000.0,Con hang,Moi 100%,TGDD,2026-06-11
PROD_TGD_101551,Dien thoai Samsung Galaxy S24 Ultra 4GB/512GB - Moi 100%,Samsung,Galaxy S24 Ultra,4GB,512GB,30440000.0,29440000.0,Con hang,Moi 100%,TGDD,2026-06-11
PROD_CEL_101552,Dien thoai Oppo Reno11 F 8GB/256GB - Moi 100%,Oppo,Reno11 F,8GB,256GB,38900000.0,37900000.0,Con hang,Moi 100%,CellphoneS,2026-06-11
PROD_TGD_101553,Dien thoai Apple iPhone 13 12GB/128GB - Moi 100%,Apple,iPhone 13,12GB,128GB,30420000.0,28420000.0,Con hang,Moi 100%,TGDD,2026-06-11
PROD_TGD_101554,Dien thoai Oppo Find N3 Flip 8GB/128GB - Moi 100%,Oppo,Find N3 Flip,8GB,128GB,43680000.0,42680000.0,Con hang,Moi 100%,TGDD,2026-06-11
PROD_CEL_101555,Dien thoai Apple iPhone 15 Pro Max 6GB/1TB - Moi 100%,Apple,iPhone 15 Pro Max,6GB,1TB,32790000.0,31790000.0,Con hang,Moi 100%,CellphoneS,2026-06-11
PROD_CEL_101556,Dien thoai Samsung Galaxy S24 Ultra 8GB/1TB - Moi 100%,Samsung,Galaxy S24 Ultra,8GB,1TB,36340000.0,36340000.0,Het hang,Moi 100%,CellphoneS,2026-06-11
PROD_TGD_101557,Dien thoai Apple iPhone 13 12GB/64GB - Hang trung bay,Apple,iPhone 13,12GB,64GB,33440000.0,31440000.0,Het hang,Hang trung bay,TGDD,2026-06-11
PROD_TGD_101558,Dien thoai Xiaomi Redmi Note 13 12GB/1TB - Moi 100%,Xiaomi,Redmi Note 13,12GB,1TB,35060000.0,34560000.0,Con hang,Moi 100%,TGDD,2026-06-11
PROD_TGD_101559,Dien thoai Realme Realme C65 6GB/64GB - Moi 100%,Realme,Realme C65,6GB,64GB,39430000.0,38430000.0,Con hang,Moi 100%,TGDD,2026-06-11
PROD_CEL_101560,Dien thoai Xiaomi Poco X6 Pro 16GB/256GB - Moi 100%,xiaomi,Poco X6 Pro,16GB,256GB,37340000.0,37340000.0,Con hang,Moi 100%,CellphoneS,2026-06-11
PROD_TGD_101561,Dien thoai Vivo V30 5G 6GB/64GB - Moi 100%,Vivo,V30 5G,6GB,64GB,43230000.0,43230000.0,Con hang,Moi 100%,TGDD,2026-06-11
PROD_TGD_101562,Dien thoai Xiaomi Poco X6 Pro 8GB/1TB - Moi 100%,Xiaomi,Poco X6 Pro,8GB,1TB,34110000.0,33610000.0,Het hang,Moi 100%,TGDD,2026-06-11
PROD_TGD_101563,Dien thoai Vivo X100 Pro 16GB/256GB - Moi 100%,Vivo,X100 Pro,16GB,256GB,41440000.0,40440000.0,Con hang,Moi 100%,TGDD,2026-06-11
PROD_CEL_101564,Dien thoai Apple iPhone 15 Pro Max 12GB/128GB - Moi 100%,Apple,iPhone 15 Pro Max,12GB,128GB,36860000.0,34860000.0,Con hang,Moi 100%,CellphoneS,2026-06-11
PROD_TGD_101565,Dien thoai Apple iPhone 14 Pro 4GB/64GB - Moi 100%,Apple,iPhone 14 Pro,4GB,64GB,37450000.0,36950000.0,Con hang,Moi 100%,TGDD,2026-06-11
PROD_CEL_101566,Dien thoai Vivo Y100 4GB/64GB - Da kich hoat,Vivo,Y100,4GB,64GB,32630000.0,32630000.0,Con hang,Da kich hoat,CellphoneS,2026-06-11
PROD_TGD_101567,Dien thoai Apple iPhone 15 Pro Max 8GB/256GB - Moi 100%,Apple,iPhone 15 Pro Max,8GB,256GB,34790000.0,34790000.0,Con hang,Moi 100%,TGDD,2026-06-11
PROD_TGD_101568,Dien thoai Samsung Galaxy A55 16GB/512GB - Moi 100%,Samsung,Galaxy A55,16GB,512GB,34300000.0,32300000.0,Con hang,Moi 100%,TGDD,2026-06-11
PROD_CEL_101569,Dien thoai Oppo Reno11 F 16GB/256GB - Moi 100%,Oppo,Reno11 F,16GB,256GB,40710000.0,39710000.0,Con hang,Moi 100%,CellphoneS,2026-06-11
PROD_CEL_101570,Dien thoai Oppo Find N3 Flip 6GB/64GB - Moi 100%,Oppo,Find N3 Flip,6GB,64GB,42090000.0,42090000.0,Con hang,Moi 100%,CellphoneS,2026-06-11
PROD_CEL_101571,Dien thoai Vivo V30 5G 4GB/512GB - Moi 100%,Vivo,V30 5G,4GB,512GB,38520000.0,37520000.0,Con hang,Moi 100%,CellphoneS,2026-06-11
PROD_CEL_101572,Dien thoai Realme Realme Note 50 16GB/1TB - Moi 100%,Realme,Realme Note 50,16GB,1TB,42570000.0,42570000.0,Con hang,Moi 100%,CellphoneS,2026-06-11
PROD_TGD_101573,Dien thoai Samsung Galaxy A55 6GB/256GB - Moi 100%,Samsung,Galaxy A55,6GB,256GB,40670000.0,38670000.0,Con hang,Moi 100%,TGDD,2026-06-11
PROD_CEL_101574,Dien thoai Vivo Y100 6GB/512GB - Moi 100%,Vivo,Y100,6GB,512GB,42440000.0,41940000.0,Con hang,Moi 100%,CellphoneS,2026-06-11
PROD_TGD_101575,Dien thoai Realme Realme Note 50 6GB/1TB - Hang trung bay,realme,Realme Note 50,6GB,1TB,31450000.0,,Con hang,Hang trung bay,TGDD,2026-06-11
PROD_TGD_101576,Dien thoai Samsung Galaxy S24 Ultra 4GB/256GB - Moi 100%,Samsung,Galaxy S24 Ultra,4GB,256GB,40190000.0,39190000.0,Het hang,Moi 100%,TGDD,2026-06-11
PROD_CEL_101577,Dien thoai Apple iPhone 13 6GB/512GB - Hang trung bay,Apple,iPhone 13,6GB,512GB,40400000.0,40400000.0,Con hang,Hang trung bay,CellphoneS,2026-06-11
PROD_TGD_101578,Dien thoai Oppo A78 6GB/1TB - Hang trung bay,Oppo,A78,6GB,1TB,39810000.0,38810000.0,Con hang,Hang trung bay,TGDD,2026-06-11
PROD_TGD_101579,Dien thoai Oppo Reno11 F 4GB/1TB - Moi 100%,Oppo,Reno11 F,4GB,1TB,35310000.0,34810000.0,Con hang,Moi 100%,TGDD,2026-06-11
PROD_TGD_101580,Dien thoai Xiaomi Redmi Note 13 12GB/512GB - Moi 100%,Xiaomi,Redmi Note 13,12GB,512GB,35140000.0,35140000.0,Con hang,Moi 100%,TGDD,2026-06-11
PROD_TGD_101581,Dien thoai Vivo V30 5G 8GB/128GB - Moi 100%,Vivo,V30 5G,8GB,128GB,31710000.0,30710000.0,Con hang,Moi 100%,TGDD,2026-06-11
PROD_TGD_101582,Dien thoai Vivo Y100 6GB/1TB - Moi 100%,Vivo,Y100,6GB,1TB,37320000.0,36320000.0,Con hang,Moi 100%,TGDD,2026-06-11
PROD_TGD_101583,Dien thoai Samsung Galaxy S24 Ultra 4GB/256GB - Moi 100%,Samsung,Galaxy S24 Ultra,4GB,256GB,41100000.0,40100000.0,Con hang,Moi 100%,TGDD,2026-06-11
PROD_CEL_101584,Dien thoai Oppo A78 8GB/512GB - Moi 100%,Oppo,A78,8GB,512GB,39110000.0,37110000.0,Con hang,Moi 100%,CellphoneS,2026-06-11
PROD_TGD_101585,Dien thoai Xiaomi Poco X6 Pro 6GB/256GB - Moi 100%,Xiaomi,Poco X6 Pro,6GB,256GB,37540000.0,37040000.0,Con hang,Moi 100%,TGDD,2026-06-11
PROD_CEL_101586,Dien thoai Vivo Y100 16GB/256GB - Moi 100%,Vivo,Y100,16GB,256GB,32610000.0,32610000.0,Con hang,Moi 100%,CellphoneS,2026-06-11
PROD_CEL_101587,Dien thoai Samsung Galaxy S24 Ultra 4GB/64GB - Moi 100%,Samsung,Galaxy S24 Ultra,4GB,64GB,32190000.0,30190000.0,Con hang,Moi 100%,CellphoneS,2026-06-11
PROD_CEL_101588,Dien thoai Realme Realme Note 50 4GB/128GB - Moi 100%,Realme,Realme Note 50,4GB,128GB,43370000.0,42870000.0,Con hang,Moi 100%,CellphoneS,2026-06-11
PROD_CEL_101589,Dien thoai Realme Realme 12 Rest 8GB/512GB - Da kich hoat,Realme,Realme 12 Rest,8GB,512GB,37730000.0,37230000.0,Con hang,Da kich hoat,CellphoneS,2026-06-11
PROD_CEL_101590,Dien thoai Realme Realme 12 Rest 8GB/128GB - Moi 100%,realme,Realme 12 Rest,8GB,128GB,34650000.0,34650000.0,Con hang,Moi 100%,CellphoneS,2026-06-11
PROD_CEL_101591,Dien thoai Realme Realme 12 Rest 6GB/256GB - Moi 100%,Realme,Realme 12 Rest,6GB,256GB,40740000.0,40740000.0,Con hang,Moi 100%,CellphoneS,2026-06-11
PROD_TGD_101592,Dien thoai Samsung Galaxy S24 Ultra 6GB/256GB - Moi 100%,Samsung,Galaxy S24 Ultra,6GB,256GB,35560000.0,35060000.0,Con hang,Moi 100%,TGDD,2026-06-11
PROD_TGD_101593,Dien thoai Realme Realme 12 Rest 4GB/256GB - Moi 100%,Realme,Realme 12 Rest,4GB,256GB,36690000.0,36690000.0,Con hang,Moi 100%,TGDD,2026-06-11
PROD_TGD_101594,Dien thoai Apple iPhone 15 Pro Max 8GB/64GB - Moi 100%,Apple,iPhone 15 Pro Max,8GB,64GB,35450000.0,33450000.0,Con hang,Moi 100%,TGDD,2026-06-11
PROD_CEL_101595,Dien thoai Realme Realme 12 Rest 12GB/512GB - Moi 100%,Realme,Realme 12 Rest,12GB,512GB,38850000.0,37850000.0,Con hang,Moi 100%,CellphoneS,2026-06-11
PROD_CEL_101596,Dien thoai Realme Realme 12 Rest 4GB/256GB - Moi 100%,Realme,Realme 12 Rest,4GB,256GB,42480000.0,40480000.0,Con hang,Moi 100%,CellphoneS,2026-06-11
PROD_CEL_101597,Dien thoai Apple iPhone 15 Pro Max 16GB/128GB - Moi 100%,Apple,iPhone 15 Pro Max,16GB,128GB,35700000.0,35200000.0,Het hang,Moi 100%,CellphoneS,2026-06-11
PROD_TGD_101598,Dien thoai Apple iPhone 13 12GB/64GB - Moi 100%,Apple,iPhone 13,12GB,64GB,39520000.0,38520000.0,Con hang,Moi 100%,TGDD,2026-06-11
PROD_TGD_101599,Dien thoai Apple iPhone 13 8GB/256GB - Da kich hoat,Apple,iPhone 13,8GB,256GB,43910000.0,43910000.0,Con hang,Da kich hoat,TGDD,2026-06-11
PROD_CEL_101600,Dien thoai Samsung Galaxy Z Fold6 8GB/256GB - Hang trung bay,Samsung,Galaxy Z Fold6,8GB,256GB,,39230000.0,Con hang,Hang trung bay,CellphoneS,2026-06-11
